year,bird.id.prefix,bird.id,species,sex,coll.date,jul.date,days.since.oct,easting,northing,site,time,wing,head.bill,culmen.length,culmen.width,tarsus,keel,body.length,body.mass,molt,molt.score,liver,ab.fat,heart,age,protein,lipid
2017,17DX,1,GADW,M,11/27/17,331,57,582829,4225319,Joice D,7:34,275,100.22,42.77,16.75,40.9,105.47,445,818,Yes,NA,29.2,4,7.9,I,52.95,31.3
2017,17DX,2,MALL,M,11/20/17,324,50,583051,4225266,Joice C,6:31,286,114.09,56.74,20.95,44.42,104.26,521,1363.2,Yes,NA,42.1,37.4,15.6,I,31.8,54.9
2017,17DX,3,MALL,M,11/20/17,324,50,583051,4225266,Joice C,7:29,287,115.27,55.46,22.62,47.2,113.6,532,1401.4,Yes,NA,45.5,32.1,21.4,A,38.8,47.45
2017,17DX,4,MALL,F,11/20/17,324,50,583051,4225266,Joice D,7:29,278,110.62,54.02,20.93,44.91,104.6,500,1307.4,Yes,NA,46,36.6,17.8,A,35.2,50.8
2017,17DX,5,AGWT,M,11/20/17,324,50,583282,4225046,Joice C,7:30,182,82.74,37.91,13.6,31.8,71.2,320,338.3,Yes,NA,8.7,8.3,4.3,I,37.4,51
2017,17DX,6,MALL,M,11/27/17,331,57,582829,4225319,Joice D,7:15,278,113.49,53.39,21.92,47.32,113.98,510,1213.5,No,NA,24.4,28.3,13.9,I,38.5,48.85
2017,17DX,7,GADW,F,11/30/17,334,60,583332.4,4224869.2,Joice C,9:16,259,95.59,40.31,17.95,39.35,92.88,425,806.1,Yes,NA,24.8,8.7,9.3,I,49.3,35.5
2017,17DX,8,NOPI,M,11/27/17,331,57,582424,4224686,Joice D,10:02,270,114.17,54.85,18.59,44.23,110.05,512,1032.9,Yes,NA,37.6,29.5,11,I,37.6,55.2
2017,17DX,9,AMWI,M,11/27/17,331,57,582829,4225319,Joice D,8:10,248,91.54,40.32,16.61,37.03,97.67,414,777.5,Yes,NA,22.1,17.4,10.6,A,41.7,44.4
2017,17DX,10,AMWI,M,11/20/17,324,50,583051,4225266,Joice D,7:48,257,86.05,34.68,16.15,40.23,97.86,413,823.7,Yes,NA,14.2,28.3,9.1,A,33.1,56.6
2017,17DX,11,MALL,M,11/20/17,324,50,583051,4225266,Joice D,7:53,285,112.08,53.91,21.91,45.66,115.5,520,1237.4,Yes,NA,42.1,19.8,16.3,A,43,44.2
2017,17DX,12,MALL,M,11/27/17,331,57,582829,4225319,Joice D,8:31,298,116.64,57.52,23.34,45.48,118.79,518,1237.9,Yes,NA,26.5,19.4,13.7,I,38.7,47.6
2017,17DX,13,MALL,M,11/20/17,324,50,583051,4225266,Joice D,NA,305,119.45,57.12,22.56,48.75,114.5,529,1342.9,Yes,NA,26.3,22.7,15,I,41,41.4
2017,17DX,14,NOPI,M,11/20/17,324,50,583282,4225046,Joice C,8:00,269,104.05,48.95,18.37,42.69,101.18,492,901.6,Yes,NA,33.4,16.9,11.6,A,39.5,46.9
2017,17DX,15,AMWI,F,11/20/17,324,50,583282,4225046,Joice C,NA,245,85.77,36.51,16.7,37.97,86.44,400,784.2,Yes,NA,14.5,26.9,8.1,A,31.9,56.2
2017,17DX,16,NSHO,M,11/20/17,324,50,583282,4225046,Joice C,7:05,234,116.25,62.13,22.15,36.04,87.91,434,607,Yes,NA,25,9.1,6,I,41.8,47.3
2017,17DX,17,NSHO,F,11/30/17,334,60,582424,4224686,Joice D,6:30,230,106.82,62.01,20.19,36.89,82.46,397,607.1,Yes,NA,16.7,13.9,7.2,A,35.9,51.7
2017,17DX,18,MALL,M,11/27/17,331,57,583293,4224749,Joice C,8:03,275,116.39,52.97,22.63,46.79,113.28,529,1242.3,No,NA,29.6,11.8,19.1,A,47.4,38.2
2017,17DX,20,MALL,M,11/27/17,331,57,582829,4225319,Joice D,6:34,282,111.93,54.07,20.67,44.01,111.69,505,1249,No,NA,31.5,29.6,14.1,I,38.5,53.2
2017,17DX,21,MALL,F,11/27/17,331,57,583293,4224749,Joice C,8:00,NA,111.47,54.87,21.33,43.52,112.81,498,1248,Yes,NA,33,15.4,16.1,A,42.4,43.9
2017,17DX,22,MALL,M,11/20/17,324,50,583282,4225046,Joice C,6:40,282,111.35,54.67,22.52,44.42,112.94,505,1177.1,Yes,NA,33.3,10.1,12.9,I,41.1,42.8
2017,17DX,23,AGWT,M,11/20/17,324,50,583282,4225046,Joice C,7:05,187,81.71,34.71,14.17,30.16,68.23,308,347,Yes,NA,7.1,7.6,4,A,38.5,50.5
2017,17DX,24,NOPI,M,11/27/17,331,57,583293,4224749,Joice C,8:00,261,109.32,50.56,17.41,44.2,105.55,504,1066.8,Yes,NA,32.6,39.1,12.1,I,35.6,57.2
2017,17DX,25,NOPI,M,11/30/17,334,60,583332.4,4224869.2,Joice C,7:13,276,107.08,48.78,19.68,43.76,103,522,945.6,Yes,NA,47.6,7.9,11.4,A,49.9,33.5
2017,17DX,26,AGWT,F,11/30/17,334,60,582424,4224686,Joice D,8:00,169,76.7,36.65,13.81,28.19,64.99,297,310.1,Yes,NA,8.5,2.6,NA,I,42.3,44.1
2017,17DX,27,AMWI,M,11/30/17,334,60,582424,4224686,Joice D,9:00,273,89.28,39.79,17.62,37.85,97.22,420,790.4,Yes,NA,18.4,20.9,8.9,A,35.9,51
2017,17DX,28,NSHO,M,11/30/17,334,60,582424,4224686,Joice D,9:10,240,119.4,66.65,21.44,39.21,92.65,425,701.2,Yes,NA,19.2,19.3,8.1,I,36.3,54.4
2017,17DX,29,NSHO,F,11/30/17,334,60,582424,4224686,Joice D,6:57,239,109.01,58.79,19.45,36.44,82.13,401,527.6,Yes,NA,17.3,7,5.6,I,43.9,43.2
2017,17DX,30,AMWI,M,11/20/17,324,50,583282,4225046,Joice C,7:05,273,87.04,35.35,16.67,37.16,96.29,399,771.2,Yes,NA,24.2,21.6,11.2,A,41.05,46.9
2017,17DX,31,MALL,M,11/20/17,324,50,583282,4225046,Joice C,6:35,290,114.87,54.15,22.73,46.74,109.92,519,1188.4,Yes,NA,30.8,23.3,21.6,A,41,45.7
2017,17DX,32,NOPI,F,11/30/17,334,60,582424,4224686,Joice D,9:35,250,95.7,42.32,18.29,40.9,89.15,440,782.5,Yes,NA,43.6,9.1,10.1,I,45.5,40
2017,17DX,33,NSHO,M,11/30/17,334,60,582424,4224686,Joice D,7:40,232,116.33,63.98,20.96,NA,89.69,423,546.4,Yes,NA,21.6,3.7,6.9,I,48.4,35.9
2017,17DX,34,NOPI,F,11/30/17,334,60,582424,4224686,Joice D,8:30,262,100.62,48.95,17.59,42.39,91.3,450,812.5,Yes,NA,24,13.5,12,A,39.9,45.1
2017,17DX,35,AMWI,M,11/27/17,331,57,582829,4225319,Joice D,7:35,262,87.7,35.91,16.05,38.15,93.81,399,807.2,Yes,NA,15.2,31.5,7.9,A,30,61.6
2017,17DX,36,NOPI,M,11/30/17,334,60,582424,4224686,Joice D,8:40,274,111.3,49.49,18.39,42.51,106.7,519,960.1,Yes,NA,27.3,12.5,13.8,A,41.9,47.4
2017,17DX,37,MALL,M,11/27/17,331,57,583293,4224749,Joice C,8:00,281,119.45,60.47,22.86,43.77,113.82,504,1269.3,Yes,NA,44.8,21.6,15.5,I,42.3,48.2
2017,17DX,38,NSHO,M,11/30/17,334,60,582424,4224686,Joice D,8:30,255,117.27,67.49,20.71,39.22,85.73,427,680.7,Yes,NA,16.8,11.6,8.6,A,36.45,54.35
2017,17DX,39,AGWT,M,11/30/17,334,60,582424,4224686,Joice D,9:20,182,78.52,36.47,13.8,29.46,71.28,308,309.3,Yes,NA,7.9,3.6,4.2,A,41.1,42.9
2017,17DX,40,NSHO,F,12/7/17,341,67,583332.4,4224869.2,Joice C,9:23,231,105.73,59.42,18.74,35.13,86.17,390,528.5,Yes,NA,17.5,4.7,6.4,I,44.7,42.3
2017,17DX,42,NOPI,M,12/18/17,352,78,582656.2,4224679.8,Joice D,9:18,281,108.93,53.46,18.51,46.45,101.5,533,1009.7,Yes,NA,24,27.4,12.7,I,37,49.8
2017,17DX,43,NOPI,M,12/7/17,341,67,583332.4,4224869.2,Joice C,9:34,277,110.67,52.65,18.77,41.82,102.02,492,922.9,No,NA,24.2,20,12.8,A,40.6,48.1
2017,17DX,44,AMWI,M,12/21/17,355,81,591495,4220779,Pond 12,7:50,264,86.54,37.07,17.08,36.79,93.91,410,753.8,Yes,NA,20.9,16.4,7.4,A,44.6,43.7
2017,17DX,45,MALL,M,12/7/17,341,67,583332.4,4224869.2,Joice C,8:15,295,114.84,54.65,22.86,48.31,114.07,500,1223,Yes,NA,44.8,13.4,12.2,A,46,39.6
2017,17DX,46,MALL,F,12/18/17,352,78,582656.2,4224679.8,Joice D,10:05,270,108.19,54.96,22.02,44.43,107.27,480,1241,Yes,NA,22.4,37.1,13.1,I,35.6,52.6
2017,17DX,47,MALL,M,2/23/18,54,145,584001.8,4230505.2,WLanding,7:30-9:30,292,114.5,54.52,22.01,45.99,104.63,510,1232.3,Yes,NA,29.8,25.4,12.8,A,42.8,47.2
2017,17DX,48,GADW,F,12/7/17,341,67,583332.4,4224869.2,Joice C,7:12,255,95.2,41.66,18.68,41.35,94.19,422,946.2,Yes,NA,19,37,8.4,I,29.4,58.9
2017,17DX,49,NOPI,F,12/18/17,352,78,582656.2,4224679.8,Joice D,7:23,244,96.49,44.37,17.22,41.84,90.42,445,815.4,Yes,NA,11.1,31.3,9.1,I,34.55,56.7
2017,17DX,50,MALL,F,12/7/17,341,67,583332.4,4224869.2,Joice C,7:48,270,105.94,51.2,20.92,43.58,105.64,473,1174.8,Yes,NA,35,38.6,12.1,I,33.1,55
2017,17DX,51,NOPI,M,12/7/17,341,67,583332.4,4224869.2,Joice C,9:00,275,108.95,51.02,17.91,43.85,103.21,525,1008.2,Yes,NA,20,28.2,12.8,I,32.9,60.2
2017,17DX,52,MALL,M,12/18/17,352,78,582656.2,4224679.8,Joice D,8:50,277,111.43,52.68,22.1,44.76,111.01,510,1252.5,Yes,NA,19.9,33.4,11.8,I,34.7,53.25
2017,17DX,54,MALL,F,12/7/17,341,67,583332.4,4224869.2,Joice C,7:28,261,102.96,49.32,20.79,42.05,100.81,471,1149.2,Yes,NA,33.3,34.6,11.7,I,33.5,56.2
2017,17DX,56,AGWT,F,2/23/18,54,145,584001.8,4230505.2,WLanding,7:30-9:30,175,75.92,36.26,12.64,29.24,69.84,300,304.6,Yes,NA,8.1,2.9,3.7,I,44.6,41.3
2017,17DX,57,AMWI,F,12/7/17,341,67,583332.4,4224869.2,Joice C,8:45,250,86.2,35.44,16.76,40.08,87.54,395,731.1,Yes,NA,27,21,8.1,I,36,53.2
2017,17DX,58,AMWI,F,12/7/17,341,67,583332.4,4224869.2,Joice C,7:32,234,80.49,32.58,14.98,34.49,85.75,375,660.3,Yes,NA,17.2,17.4,7.7,I,32.8,56.2
2017,17DX,59,MALL,M,12/7/17,341,67,583332.4,4224869.2,Joice C,7:51,285,117.6,54.91,23.2,45.77,119.8,518,1322.1,No,NA,46.9,32,13.2,I,41.8,47.2
2017,17DX,60,NOPI,M,12/7/17,341,67,583332.4,4224869.2,Joice C,9:45,276,105.87,48.37,17.87,42.99,100.86,485,937.7,Yes,NA,31.5,29.2,10.6,A,38.6,53
2017,17DX,61,AGWT,F,12/4/17,338,64,592189,4220665.3,Pond 12,9:12,175,NA,NA,NA,28.51,68.81,NA,313.5,Yes,NA,9.4,13.4,3.5,A,30.4,58.55
2017,17DX,62,AGWT,M,12/21/17,355,81,591495,4220779,Pond 12,7:15,191,79.28,35.11,12.66,30.84,70.83,305,391.5,Yes,NA,12.6,11.2,4.6,A,33,54.7
2017,17DX,64,NOPI,M,2/23/18,54,145,584001.8,4230505.2,WLanding,7:30-9:30,268,107.64,52.08,18.88,42.65,99.95,500,999.2,No,NA,21.8,24.9,10.8,A,36.65,54.95
2017,17DX,66,AGWT,F,12/21/17,355,81,591495,4220779,Pond 12,7:00,181,NA,35.96,12.94,29.44,66.3,310,309.4,No,NA,7.5,6.9,3.6,A,40.3,44.6
2017,17DX,67,NOPI,M,12/7/17,341,67,583332.4,4224869.2,Joice C,9:40,278,108.26,49.78,18.56,44.95,102.33,517,962,Yes,NA,32.5,18.6,11.2,A,39.2,49.3
2017,17DX,68,AGWT,M,12/21/17,355,81,591495,4220779,Pond 12,7:00,187,80.9,38.75,13.72,30.48,70.15,318,308.1,Yes,NA,6.8,3.6,3.7,A,40.3,46.2
2017,17DX,69,NOPI,M,12/7/17,341,67,583332.4,4224869.2,Joice C,8:57,278,118.85,53.93,17.94,41.8,107.59,517,996.9,No,NA,39,15,12.9,A,41.1,45.6
2017,17DX,70,AMWI,M,12/18/17,352,78,582656.2,4224679.8,Joice D,9:40,267,85.13,35.16,15.54,40.31,88.69,402,728,Yes,NA,18.5,17.7,8.4,A,45.8,41.6
2017,17DX,71,NOPI,M,2/23/18,54,145,584001.8,4230505.2,WLanding,7:30-9:30,283,108.45,52.51,17.64,44.76,97.71,510,1047.6,Yes,NA,13.8,49.7,11.1,A,31,59.5
2017,17DX,72,AMWI,F,12/7/17,341,67,583332.4,4224869.2,Joice C,7:33,246,86.13,36.06,16.3,38.43,90.2,395,701.8,Yes,NA,16.9,21.5,7.9,I,37.6,49
2017,17DX,73,MALL,M,12/7/17,341,67,583332.4,4224869.2,Joice C,8:48,275,111.46,52.53,21.51,43.28,111.21,500,1176.2,Yes,NA,28,18.1,14.2,I,40.9,46.65
2017,17DX,74,GADW,F,12/4/17,338,64,592189,4220665.3,Pond 12,7:20,259,93.18,39.33,17.69,38.77,98.84,430,814.1,Yes,NA,26.5,17.7,10.2,I,38.1,49
2017,17DX,75,MALL,M,12/4/17,338,64,592189,4220665.3,Pond 12,6:43,290,117.08,55.13,22.97,45.73,111.64,521,1175.2,Yes,NA,31.9,4.7,11.9,A,57.2,24.9
2017,17DX,76,AGWT,F,2/23/18,54,145,584001.8,4230505.2,WLanding,7:30-9:30,181,74.83,33.18,13.26,29.06,64.58,295,309,Yes,NA,9,3.1,3.7,A,42.1,45.4
2017,17DX,77,GADW,M,12/4/17,338,64,592189,4220665.3,Pond 12,7:24,280,103.02,43.51,17.61,43.12,101.63,448,951.8,Yes,NA,35.3,14.8,11.6,A,35.7,48.3
2017,17DX,78,MALL,M,12/4/17,338,64,592189,4220665.3,Pond 12,8:32,301,121.08,55.85,22.37,45.06,115.7,525,1405.7,Yes,NA,38,23.7,14.8,A,40.5,48.8
2017,17DX,79,AGWT,F,12/21/17,355,81,591495,4220779,Pond 12,7:15,179,77.15,34.7,13.33,28.45,67.47,303,315.5,Yes,NA,8.4,6.1,4,I,40.2,49.1
2017,17DX,80,MALL,M,12/21/17,355,81,591495,4220779,Pond 12,9:45,291,115.95,58.58,22.25,45.73,111.99,510,1206.5,Yes,NA,27.9,13.8,12.5,A,42.9,42.7
2017,17DX,81,NSHO,M,2/1/18,32,123,591483.5,4220664.5,Pond 12,7:20,246,114.52,66.52,19.48,38.24,87.63,450,561.3,Yes,NA,21.9,7.1,7.3,I,46.5,39.5
2017,17DX,82,NOPI,M,2/15/18,46,137,582656.2,4224679.8,Joice D,9:12,270,106.06,50.79,18.48,42.82,101.76,515,929.9,No,NA,19.8,27.8,12.4,A,36.9,53.4
2017,17DX,83,AGWT,M,1/18/18,18,109,591483.5,4220664.5,Pond 12,7:30,188,77.13,35.02,13.66,30.18,72.12,312,356.3,NA,NA,9.3,2.1,4.5,A,46.25,39.9
2017,17DX,84,AMWI,M,12/28/17,362,88,591495,4220779,Pond 12,9:15,268,88.12,36.4,16.31,37.3,88.19,400,724.5,Yes,NA,20.7,13.2,8.4,I,42.4,43.2
2017,17DX,85,AMWI,F,1/18/18,18,109,591483.5,4220664.5,Pond 12,7:15,241,84.01,33,15.93,37.7,89.03,378,562.3,Yes,NA,19.5,0.7,5.8,I,68.8,12.6
2017,17DX,86,NSHO,F,1/18/18,18,109,591483.5,4220664.5,Pond 12,7:00,228,105.73,57.25,17.51,35.11,80.85,399,515.2,Yes,NA,13.3,9.9,6,A,38.1,49.6
2017,17DX,87,NSHO,F,1/18/18,18,109,591483.5,4220664.5,Pond 12,7:30,227,105.64,59.85,17.98,34.11,83.46,392,493.4,Yes,NA,18.5,4.5,5.6,I,45,40.9
2017,17DX,88,NOPI,M,12/21/17,355,81,591495,4220779,Pond 12,10:00,284,112.27,54.64,19.08,46.45,100.99,520,959.3,No,NA,18.6,22,12.2,A,35.6,54.6
2017,17DX,89,MALL,F,1/18/18,18,109,591483.5,4220664.5,Pond 12,7:10,277,109.61,55.41,22.91,44.7,109.52,495,1335.6,Yes,NA,24.5,28,12.3,A,32.5,54.8
2017,17DX,90,AMWI,F,1/18/18,18,109,591483.5,4220664.5,Pond 12,7:15,240,82.32,33.94,14.73,36.64,83.8,375,566.6,Yes,NA,23.7,2.8,7.3,I,56.4,25
2017,17DX,91,AGWT,M,12/28/17,362,88,591495,4220779,Pond 12,9:15,189,81.04,36.5,13.52,30.82,72.57,321,338.2,Yes,NA,8.7,6.5,4.2,A,41.5,45.8
2017,17DX,92,NOPI,M,1/25/18,25,116,582656.2,4224679.8,Joice D,10:15,274,110.24,53.37,18.05,43.96,102.22,515,914,Yes,NA,16.7,17.4,10.1,A,39.4,47.1
2017,17DX,93,AGWT,F,2/23/18,54,145,584001.8,4230505.2,WLanding,7:30-9:30,177,76.54,34.61,13.17,30.1,65.8,310,317.5,Yes,NA,10.3,2.3,3.6,I,49.8,36.4
2017,17DX,94,AGWT,F,2/15/18,46,137,583059,4225176,Joice D,7:00,176,75.6,34.24,13.78,30.27,67.98,300,340.7,Yes,NA,10.2,8.9,3.5,I,34,53.8
2017,17DX,95,AGWT,M,1/11/18,11,102,591483.5,4220664.5,Pond 12,8:00,195,85.86,40.87,14.71,34.51,76.62,335,418.5,No,NA,11.5,5.9,5.7,A,40,47.15
2017,17DX,96,AGWT,M,2/23/18,54,145,584001.8,4230505.2,WLanding,7:30-9:30,185,81.86,37.95,13.35,30.95,66.42,323,330.5,Yes,NA,7.6,3.1,4.1,A,45.1,36.6
2017,17DX,97,AGWT,M,1/18/18,18,109,591483.5,4220664.5,Pond 12,9:00,188,79.03,36.89,13.4,30.74,70.98,307,344.6,No,NA,7.6,5.1,4.6,A,41.1,42.9
2017,17DX,98,AGWT,F,1/11/18,11,102,591483.5,4220664.5,Pond 12,8:02,176,76.66,36.72,13.13,29.54,NA,302,364.4,Yes,NA,9.6,6.9,4.5,A,34.8,55.9
2017,17DX,99,MALL,F,1/11/18,11,102,591483.5,4220664.5,Pond 12,8:58,272,109.98,52.6,21.53,45.6,113.05,490,1365.2,Yes,NA,40.8,26.8,16.3,A,36,50.5
2017,17DX,100,GADW,M,2/15/18,46,137,582656.2,4224679.8,Joice D,9:37,289,102.12,44.72,17.16,42.05,108.01,470,996.2,Yes,NA,21.6,25.9,12.6,A,37.1,48.3
2017,17DX,101,AGWT,M,1/18/18,18,109,591483.5,4220664.5,Pond 12,8:00,186,83.96,37.76,14.36,32.32,75.31,325,335.9,No,NA,6.3,4.9,4.4,A,43.4,41.1
2017,17DX,102,NOPI,F,1/11/18,11,102,591483.5,4220664.5,Pond 12,8:40,259,99.81,46.79,17.46,38.56,91.24,465,852.7,Yes,NA,22.4,17.6,10.5,A,34.7,53.5
2017,17DX,103,MALL,M,1/11/18,11,102,591483.5,4220664.5,Pond 12,8:17,298,116.56,57.18,23.65,43.83,115,514,1107.1,Yes,NA,22.2,11.6,13.7,I,51.9,35
2017,17DX,104,MALL,M,1/11/18,11,102,591483.5,4220664.5,Pond 12,10:00,295,115.51,50.76,21.12,45.81,112.12,526,1227.3,Yes,NA,24.8,12.8,13.9,A,46.8,42.8
2017,17DX,105,AGWT,M,1/18/18,18,109,591483.5,4220664.5,Pond 12,8:35,187,79.48,35.86,13.59,31.8,71.31,315,333.6,Yes,NA,8.5,3.8,5.1,A,45,38.9
2017,17DX,106,NOPI,M,1/25/18,25,116,582656.2,4224679.8,Joice D,10:15,282,107.15,49.98,17.98,41.66,96.33,510,1024.6,Yes,NA,37.7,19.7,10.7,A,40,46.4
2017,17DX,107,AGWT,M,1/18/18,18,109,591483.5,4220664.5,Pond 12,7:50,184,82.35,38.11,13.57,31.11,68.62,320,367,Yes,NA,9,7.3,5.3,A,40.3,54.8
2017,17DX,108,AGWT,M,2/23/18,54,145,584001.8,4230505.2,WLanding,7:30-9:30,188,83.13,38.93,15.36,31.28,70.74,338,373.3,Yes,NA,9.7,4.8,4.9,A,41.5,46.6
2017,17DX,109,AGWT,F,12/11/17,345,71,606440,4265460,Pond 12,8:20,176,79.21,34.4,13.66,30.48,68.6,305,347.3,Yes,NA,8.9,6.2,4.2,I,40.4,47.4
2017,17DX,110,MALL,M,1/11/18,11,102,591483.5,4220664.5,Pond 12,9:05,294,115.21,54.6,23.96,48.67,118.06,535,1339,Yes,NA,33.3,8,16.9,A,43.3,38.5
2017,17DX,111,AGWT,M,1/18/18,18,109,591483.5,4220664.5,Pond 12,8:14,192,83.24,39.91,14.01,29.5,70.34,332,338.8,Yes,NA,9.2,1.5,4.6,A,59.5,23.9
2017,17DX,112,NOPI,M,12/21/17,355,81,591495,4220779,Pond 12,10:00,286,110.12,52.9,18.45,43.7,105.45,525,998.6,No,NA,28.7,23.4,13.8,A,41.4,47.1
2017,17DX,113,MALL,M,1/4/18,4,95,583094.8,4225142.7,Joice D,9:42,305,119.43,55.43,22.94,45.37,119.63,530,1446.1,Yes,NA,23.6,29.1,15,A,32.5,50.8
2017,17DX,114,NSHO,M,1/8/18,8,99,583059,4225176,Joice D,7-9 AM,248,117.65,63.63,19.04,37.55,89.43,435,656.7,Yes,NA,16.8,11.9,7.6,A,35.6,52.6
2017,17DX,115,NSHO,F,1/8/18,8,99,583059,4225176,Joice D,7-9 AM,222,105.23,59.09,18.07,33.75,81.05,395,569.5,No,NA,16.7,17,6.6,A,32.3,55.9
2017,17DX,116,MALL,F,1/11/18,11,102,591483.5,4220664.5,Pond 12,8:20,280,104.38,52.17,22.01,41.63,105.42,466,1094.5,Yes,NA,19,20.9,10.1,A,35.3,48.6
2017,17DX,117,MALL,M,1/11/18,11,102,591483.5,4220664.5,Pond 12,8:57,292,115.66,53.72,22.29,46.43,113.11,510,1361.3,Yes,NA,34.8,31.6,15.7,A,36.8,47.9
2017,17DX,118,AGWT,M,1/8/18,8,99,583059,4225176,Joice D,7-9 AM,188,77.7,32.58,14.1,28.72,70.95,308,362.7,No,NA,6.9,6.9,4.4,A,36.7,51.6
2017,17DX,119,AGWT,M,2/23/18,54,145,584001.8,4230505.2,WLanding,7:30-9:30,193,80.06,35.36,14.02,29.87,74.27,325,355.1,Yes,NA,7,4.2,5,A,43.3,39.8
2017,17DX,120,AMWI,F,12/28/17,362,88,591495,4220779,Pond 12,8:50,252,81.38,35.87,15.46,37.33,87.44,372,689.9,Yes,NA,18,14.4,8.3,A,36.6,54
2017,17DX,123,NOPI,M,12/28/17,362,88,591495,4220779,Pond 12,8:15,276,101.83,50.19,17.59,42.78,98.67,495,878.6,No,NA,17,31.2,10.3,A,38,52.8
2017,17DX,124,NOPI,M,1/8/18,8,99,583059,4225176,Joice D,7-9 AM,269,105.22,NA,18.3,43.83,101.02,500,1040.6,Yes,NA,20.6,38.4,10,A,31.7,58.6
2017,17DX,125,MALL,F,12/21/17,355,81,591495,4220779,Pond 12,8:30,273,105.7,53.15,20.86,43.65,101.49,465,1213.8,Yes,NA,19.5,39.2,11.2,I,33.7,58.7
2017,17DX,126,NSHO,M,12/28/17,362,88,591495,4220779,Pond 12,7:35,252,115.26,65.25,20.49,37.22,88.18,423,625.8,No,NA,17,11.7,6.9,A,36.8,52.8
2017,17DX,127,NSHO,M,2/15/18,46,137,582656.2,4224679.8,Joice D,8:31,245,116.92,66.66,19.79,35.64,92.52,422,720.4,Yes,NA,14.1,18.7,8.1,A,30.6,55.9
2017,17DX,128,AGWT,M,1/18/18,18,109,591483.5,4220664.5,Pond 12,9-10 AM,192,81.21,37.97,13.77,31.73,70.49,322,326.2,Yes,NA,9.4,3.4,3.7,A,46.8,39
2017,17DX,129,MALL,M,1/11/18,11,102,591483.5,4220664.5,Pond 12,9:15,302,117.46,57.05,22.5,46.71,112.35,527,1289.4,Yes,NA,23.4,15.4,15.7,A,40.2,48
2017,17DX,130,AGWT,F,1/8/18,8,99,583059,4225176,Joice D,7-9 AM,177,75.85,35.63,12.92,28.06,61.67,299,322.8,No,NA,8.4,7.2,4.2,A,35.3,49.7
2017,17DX,132,MALL,M,1/11/18,11,102,591483.5,4220664.5,Pond 12,7:15,297,120.56,57.14,22.92,48.21,107.65,530,1173.9,Yes,NA,34.8,3.8,16.6,A,53.5,26.6
2017,17DX,133,NSHO,F,1/11/18,11,102,591483.5,4220664.5,Pond 12,7:40,227,108.39,62.5,19.46,36.56,80.96,395,505,Yes,NA,12.1,10.2,6.2,I,39.8,46.3
2017,17DX,134,AGWT,F,1/11/18,11,102,591483.5,4220664.5,Pond 12,7-10 AM,174,75.35,34.27,12.96,27.9,64.86,290,327.9,Yes,NA,6.7,8.8,3.3,I,29.7,57.2
2017,17DX,135,NSHO,F,2/26/18,57,148,584001.8,4230505.2,WLanding,7:30-9:45,227,109,60.81,19.7,36.73,84.99,395,577.7,Yes,NA,31.7,4.7,6.2,I,46.4,35.8
2017,17DX,136,NSHO,M,2/26/18,57,148,584001.8,4230505.2,WLanding,7:30-9:45,238,117.47,65.67,17.42,36.59,86.86,NA,601.6,Yes,NA,22.5,9.1,7,A,40.2,43.4
2017,17DX,137,NSHO,F,1/8/18,8,99,583059,4225176,Joice D,7-9 AM,227,108.43,61.31,19.17,34.87,86.57,395,611.3,Yes,NA,16.2,16.2,7.1,A,31.4,59.7
2017,17DX,138,NOPI,M,2/26/18,57,148,584001.8,4230505.2,WLanding,7:30-9:45,286,115.92,56.27,18.83,44.39,107.55,520,1021,No,NA,17.1,30.8,11.9,A,39.95,48.8
2017,17DX,139,NSHO,M,2/26/18,57,148,584001.8,4230505.2,WLanding,7:30-9:45,247,110.61,59.71,20.52,35.89,90.24,415,701.9,Yes,NA,15.9,21.1,7.2,A,30,59.2
2017,17DX,140,AGWT,F,2/26/18,57,148,584001.8,4230505.2,WLanding,7:30-9:45,174,76.74,35.18,14.69,30.79,71.54,309,341.6,Yes,NA,9.7,5.5,3.6,A,38.5,50.1
2017,17DX,141,AMWI,M,1/4/18,4,95,583094.8,4225142.7,Joice D,9:12,263,85.45,37.89,16.9,37.87,90.8,406,811.3,Yes,NA,39.4,14.2,8,A,40.4,40.9
2017,17DX,142,MALL,F,12/21/17,355,81,591495,4220779,Pond 12,8:30,282,109.71,54.02,21.5,44.79,99.78,464,1148.3,Yes,NA,19.2,24.9,11.5,A,35.6,50.95
2017,17DX,143,AGWT,M,12/21/17,355,81,591495,4220779,Pond 12,7:15,185,81.17,36.13,14.12,28.11,71.45,308,365.3,No,NA,6,7.8,4.1,A,36.9,54.2
2017,17DX,144,NOPI,F,12/18/17,352,78,582656.2,4224679.8,Joice D,6:55,249,98.56,46.19,17.45,40.96,89.65,437,908.5,Yes,NA,30.9,29.9,9.1,I,33.7,51.4
2017,17DX,145,NOPI,M,12/28/17,362,88,591495,4220779,Pond 12,8:30,274,107.25,50.5,17.68,43.47,98.87,520,869.6,No,NA,14.5,13,11.8,A,44.3,43.7
2017,17DX,146,MALL,F,12/28/17,362,88,591495,4220779,Pond 12,8:30,263,102.37,51.36,19.88,40.75,97.31,460,910.9,Yes,NA,21,8.4,11.6,I,49.5,38.4
2017,17DX,147,NOPI,M,1/11/18,11,102,591483.5,4220664.5,Pond 12,8:00,284,111.04,53.35,18.08,42.4,100.33,511,985.7,No,NA,20.2,27.7,10.3,A,36,55.1
2017,17DX,148,NSHO,F,12/28/17,362,88,591495,4220779,Pond 12,9:35,228,112.32,64.02,18.99,38.36,91.71,410,654.9,Yes,NA,19,24.3,6.8,I,31.5,57.4
2017,17DX,149,AMWI,F,12/28/17,362,88,591495,4220779,Pond 12,7:25,248,84.66,36.46,15.82,37.57,85.31,375,617,No,NA,14.9,11.7,6.6,I,41.7,43.1
2017,17DX,150,NOPI,M,1/4/18,4,95,583094.8,4225142.7,Joice D,8:45,276,110.32,53.06,18.24,43.81,100.31,520,995.6,No,NA,19.1,29.5,12.3,A,32.1,57.5
2017,17DX,151,AGWT,M,12/28/17,362,88,591495,4220779,Pond 12,10:07,192,81.91,37.48,12.72,29.68,NA,335,371,Yes,NA,7.4,7.7,4.5,A,38.6,51.5
2017,17DX,153,NOPI,F,12/21/17,355,81,591495,4220779,Pond 12,10:00,255,99.12,47.11,16.9,38.74,94.36,443,767.8,Yes,NA,23.8,5.5,9.2,I,52.1,35
2017,17DX,154,MALL,F,12/21/17,355,81,591495,4220779,Pond 12,8:30,276,108.61,54.03,21.63,42.16,112.76,485,1194.2,Yes,NA,18,47.8,12.4,I,31.5,61.85
2017,17DX,156,NOPI,M,12/28/17,362,88,591495,4220779,Pond 12,8:00,280,104.63,52.58,18.23,42.84,100.8,510,849.4,No,NA,14.3,31.9,9.4,A,33.1,50.9
2017,17DX,157,AGWT,M,12/28/17,362,88,591495,4220779,Pond 12,7:00,187,81.59,36.35,13.62,30.32,72.57,320,355.7,Yes,NA,12,6.7,4.3,A,38,50.7
2017,17DX,158,NOPI,F,12/28/17,362,88,591495,4220779,Pond 12,8:15,255,95.79,44.89,17.88,38.7,93.88,439,848.3,Yes,NA,18.9,16.2,10.3,A,38.1,49.8
2017,17DX,159,NOPI,F,12/18/17,352,78,582656.2,4224679.8,Joice D,7:51,254,98.73,46.29,16.86,40.06,95.48,450,870,Yes,NA,15.1,49.8,9.2,I,32.45,56.6
2017,17DX,160,NSHO,M,12/28/17,362,88,591495,4220779,Pond 12,9:25,246,115.94,66.76,20.12,38.5,87.85,428,613.3,Yes,NA,22.1,4.6,5.8,A,43.6,43
2017,17DX,161,AGWT,M,12/21/17,355,81,591495,4220779,Pond 12,9:30,190,80.8,37.48,13.42,28.09,69.13,320,341.5,Yes,NA,7.6,5.5,4.6,A,44.5,41
2017,17DX,163,AMWI,M,1/18/18,18,109,591483.5,4220664.5,Pond 12,7:46,261,86.3,34.65,16.94,40.1,90.13,409,788.3,Yes,NA,22.3,16.8,9.5,I,41,47.3
2017,17DX,164,MALL,F,1/18/18,18,109,591483.5,4220664.5,Pond 12,8:15,280,109.13,52.72,20.13,44.4,94.54,470,974.4,Yes,NA,17.7,14,11.7,A,40.2,47.4
2017,17DX,166,NSHO,F,12/18/17,352,78,582656.2,4224679.8,Joice D,7:08,219,108.02,59.41,18.55,33.42,81.18,385,513.8,Yes,NA,15.3,7.3,5.5,I,41.4,50.9
2017,17DX,167,MALL,F,12/21/17,355,81,591495,4220779,Pond 12,9:45,280,108.2,55.4,21.38,45.18,104.65,490,1263,Yes,NA,26.5,23.5,12,A,38.2,46.8
2017,17DX,168,NSHO,M,1/8/18,8,99,583059,4225176,Joice D,7-9 AM,246,116.92,63.33,19.73,37.26,89.49,421,662.7,No,NA,17.4,12.7,7.7,A,34.2,55.3
2017,17DX,170,AGWT,M,1/18/18,18,109,591483.5,4220664.5,Pond 12,9:45,182,82.15,37.05,13.37,30.56,73.34,315,358.1,Yes,NA,7.7,6.5,4.3,A,37.9,46
2017,17DX,171,NSHO,M,1/4/18,4,95,583094.8,4225142.7,Joice D,7:49,234,114.28,65.48,20.49,39.3,86.11,420,609,Yes,NA,18.6,18.8,6.4,A,34.1,52.5
2017,17DX,172,AGWT,M,1/18/18,18,109,591483.5,4220664.5,Pond 12,9:08,184,83.75,37.64,13.96,32.58,74.26,318,354.8,Yes,NA,12.2,4.2,4.6,I,44.5,36.7
2017,17DX,173,NSHO,F,2/1/18,32,123,591483.5,4220664.5,Pond 12,7:20,240,105.89,56.75,18.94,39.68,86.93,400,572,Yes,NA,19.4,11.8,7.6,A,37.2,50.1
2017,17DX,174,AGWT,F,12/21/17,355,81,591495,4220779,Pond 12,7:15,175,74.92,33.97,12.95,30.35,69.89,295,340.1,Yes,NA,6,9.9,4.8,I,33.4,57.4
2017,17DX,175,AGWT,M,1/4/18,4,95,583094.8,4225142.7,Joice D,7:15,181,84.61,39.72,14.07,30.67,67.24,320,344.2,No,NA,7.4,5.3,4.8,A,43.3,45.3
2017,17DX,177,NSHO,M,12/28/17,362,88,591495,4220779,Pond 12,9:25,252,114.53,62.32,19.92,36.97,88.23,426,715.2,Yes,NA,18.6,18.2,9.3,A,30.8,54.9
2017,17DX,178,AMWI,F,1/8/18,8,99,583059,4225176,Joice D,7-9 AM,241,85.6,36.74,16.63,38.34,85.87,385,635.5,Yes,NA,23.6,7.4,8.7,I,51.6,33
2017,17DX,179,AGWT,F,1/18/18,18,109,591483.5,4220664.5,Pond 12,7:25,172,79.85,36.8,13.85,30.01,72.22,310,339.8,Yes,NA,10.9,6.4,4.1,I,40.4,46.3
2017,17DX,180,MALL,M,1/4/18,4,95,583094.8,4225142.7,Joice D,7:45,293,119.23,55.76,22.74,47.71,117.4,530,1298.9,Yes,NA,22,20,13.3,A,39,50.8
2017,17DX,181,AGWT,M,1/11/18,11,102,591483.5,4220664.5,Pond 12,7:30,183,84.33,38.78,14.8,30.34,78.18,330,406.6,Yes,NA,22.4,5.9,4.8,A,36.8,46.1
2017,17DX,182,NSHO,M,1/8/18,8,99,583059,4225176,Joice D,7-9 AM,241,117.81,63.28,19.52,37.54,90.16,425,655.7,Yes,NA,21.1,15.4,6.9,I,35.9,52.7
2017,17DX,183,MALL,F,1/4/18,4,95,583094.8,4225142.7,Joice D,7:00,269,107.68,52.05,21.38,47.12,94.44,470,1090.5,Yes,NA,18.4,14.6,11.8,I,42.6,48.5
2017,17DX,184,AMWI,M,1/11/18,11,102,591483.5,4220664.5,Pond 12,7:25,261,86.99,35.1,16.61,39.51,89.28,390,651,Yes,NA,16.4,4.4,7.6,A,57.2,26.6
2017,17DX,185,NSHO,F,1/8/18,8,99,583059,4225176,Joice D,7-9 AM,228,107.88,59.21,20.35,35.79,88.04,395,634.1,Yes,NA,18.5,18.3,7.1,A,31.8,59.4
2017,17DX,186,MALL,F,12/21/17,355,81,591495,4220779,Pond 12,8:27,267,101.5,48.88,19.91,39.67,103.04,450,980.7,Yes,NA,21.5,16.9,11.5,I,41.8,43.7
2017,17DX,187,AMWI,M,1/11/18,11,102,591483.5,4220664.5,Pond 12,8:00,273,88.14,36.75,17.01,39.39,95.25,412,840,Yes,NA,22.2,20,9.1,A,41.2,44.8
2017,17DX,188,GADW,M,1/8/18,8,99,583059,4225176,Joice D,7-9 AM,266,99.3,42.81,17.86,41.81,104.73,455,962.4,Yes,NA,20.9,22.8,10.2,I,35.7,47.8
2017,17DX,189,GADW,M,1/8/18,8,99,583059,4225176,Joice D,7-9 AM,284,97.9,41.83,17.54,44.2,108.92,467,978.1,Yes,NA,20.6,25.5,11.5,A,37,50.6
2017,17DX,190,AGWT,F,1/4/18,4,95,583094.8,4225142.7,Joice D,9:07,182,76.53,37.6,13.95,30.38,55.18,295,329.3,Yes,NA,9.9,5.9,4.9,I,33,49.7
2017,17DX,192,NOPI,M,12/18/17,352,78,582656.2,4224679.8,Joice D,6:55,272,107.03,51.39,18.53,44.59,96.47,499,942.3,No,NA,26,25,10,A,33.6,51.1
2017,17DX,193,NOPI,M,12/18/17,352,78,582656.2,4224679.8,Joice D,8:34,283,106.31,51.64,18.75,43.34,98.89,500,976.6,No,NA,20.1,28.2,13.3,A,31.1,58
2017,17DX,194,GADW,M,1/4/18,4,95,583094.8,4225142.7,Joice D,7:10,270,98.57,42.24,18.7,42.12,97.25,456,838.6,Yes,NA,20.8,13.4,8.7,I,42.5,40.3
2017,17DX,195,NOPI,M,1/8/18,8,99,583059,4225176,Joice D,7-9 AM,278,110.96,52,18.54,44.66,102.04,498,988.3,No,NA,15.4,26,11.9,A,32.7,55.1
2017,17DX,196,AGWT,F,12/18/17,352,78,582656.2,4224679.8,Joice D,8:03,183,78.17,37.16,13.39,30.39,63.98,310,330.6,Yes,NA,10.6,6.3,4.3,I,39.3,45.5
2017,17DX,197,AMWI,M,12/28/17,362,88,591495,4220779,Pond 12,8:00,265,90.18,38.51,18.25,38.15,98.85,419,913.4,Yes,NA,23.4,23.6,11.6,A,35.7,50
2017,17DX,198,NOPI,M,1/4/18,4,95,583094.8,4225142.7,Joice D,8:04,290,113.19,54.79,19.04,45.7,102.63,534,1084.5,Yes,NA,19.8,27.1,10.4,A,31.3,52.1
2017,17DX,199,GADW,M,1/4/18,4,95,583094.8,4225142.7,Joice D,6:55,283,100.11,47.56,18.03,41.77,95.65,446,868.5,Yes,NA,20.5,20.5,9.7,A,42.5,45.65
2017,17DX,200,AGWT,M,12/21/17,355,81,591495,4220779,Pond 12,7:15,195,82.56,37.52,14.37,33.8,72.88,326,367.6,No,NA,6.8,5.6,4.8,A,42,43.6
2017,17DX,201,MALL,F,1/18/18,18,109,591483.5,4220664.5,Pond 12,9-10 AM,279,108.27,54.95,21.33,41.4,102.75,479,1147.8,Yes,NA,40.4,33.2,10.8,A,32.6,54.9
2017,17DX,202,MALL,M,1/18/18,18,109,591483.5,4220664.5,Pond 12,9-10 AM,299,109.95,58.91,23.23,48.12,119.2,545,1335.3,Yes,NA,35.6,14.6,14.1,A,50.35,34.55
2017,17DX,203,AGWT,M,1/18/18,18,109,591483.5,4220664.5,Pond 12,9-10 AM,193,80.6,35.6,13.9,31.84,67.32,321,385.2,Yes,NA,12,5,4.3,A,42,45.6
2017,17DX,204,MALL,M,1/18/18,18,109,591483.5,4220664.5,Pond 12,9-10 AM,281,113.55,55.26,21.85,42.66,106.25,495,1030.3,Yes,NA,24.6,6.6,11.5,A,54,28
2017,17DX,205,MALL,F,1/18/18,18,109,591483.5,4220664.5,Pond 12,9-10 AM,270,107.67,51.62,21.41,43.64,105.26,480,1157.6,Yes,NA,29.8,22.9,17.3,I,42.2,45.4
2017,17DX,206,MALL,M,1/18/18,18,109,591483.5,4220664.5,Pond 12,9-10 AM,310,115.28,56.15,22.14,43.8,106.25,501,1003.1,Yes,NA,23.4,5.2,12.7,A,54.8,30.4
2017,17DX,207,MALL,M,1/18/18,18,109,591483.5,4220664.5,Pond 12,9-10 AM,299,116.69,55.75,23.31,43.37,112.08,510,1081.4,Yes,NA,28.3,0.9,15,A,66.4,16.1
2017,17DX,208,NOPI,F,2/26/18,57,148,584001.8,4230505.2,WLanding,7:30-9:45,251,103.19,46.56,18.11,38.94,93.35,445,786.2,Yes,NA,16.8,21.3,8.3,I,36.7,53
2017,17DX,209,AMWI,M,2/1/18,32,123,591483.5,4220664.5,Pond 12,10:27,265,89.28,37.8,17.91,39.89,96.81,420,842.2,Yes,NA,21.9,16.4,9.2,A,39.6,45.6
2017,17DX,210,NSHO,F,1/25/18,25,116,583059,4225176,Joice D,7:30,220,106.54,58.98,17.73,33.2,82.95,382,512.1,Yes,NA,13,5.4,6.6,I,40.1,46.2
2017,17DX,211,NSHO,M,1/25/18,25,116,583059,4225176,Joice D,7:30,240,119.6,68.18,20.73,39.2,91.52,427,623.3,Yes,NA,12.5,13.4,7.8,A,34.7,52.8
2017,17DX,212,MALL,F,1/25/18,25,116,583059,4225176,Joice D,8-10 AM,270,106.18,52.07,22.58,43.68,109.58,487,1126.5,Yes,NA,24.6,8.7,13.8,A,42.7,42.8
2017,17DX,213,MALL,F,1/25/18,25,116,583059,4225176,Joice D,8:30,290,110.49,55.08,20.97,42.69,108.28,470,1105.4,Yes,NA,25.5,26.3,10.8,A,37,49.1
2017,17DX,214,AMWI,M,1/25/18,25,116,583059,4225176,Joice D,10:05,262,86.84,35.48,15.61,38.1,93.52,410,749,Yes,NA,19.5,15.7,8.7,A,40.8,45.8
2017,17DX,215,AMWI,F,1/25/18,25,116,583059,4225176,Joice D,10:30,245,83.39,34.06,15.98,36.03,NA,390,675.4,Yes,NA,26.4,10.5,9.8,A,49.6,36.6
2017,17DX,216,MALL,M,1/25/18,25,116,583059,4225176,Joice D,9:35,300,118.56,59.32,23.79,44.67,112.87,435,1277.9,No,NA,40.7,10.6,14.2,A,53.1,30.6
2017,17DX,217,MALL,F,1/25/18,25,116,583059,4225176,Joice D,8-10 AM,277,110.71,52.1,21.16,44.22,103.26,480,1097.7,Yes,NA,20.2,24,10.6,I,35.95,52.35
2017,17DX,218,AGWT,M,1/25/18,25,116,583059,4225176,Joice D,9:10,193,83.32,38.7,13.75,32.76,74.26,337,371.7,Yes,NA,8.2,4.9,4.8,A,41.9,44.7
2017,17DX,219,NSHO,M,2/15/18,46,137,583059,4225176,Joice D,7:22,256,117.39,67.05,20.53,39.72,88.2,435,637.8,Yes,NA,19.1,9.6,8.9,A,37.8,53
2017,17DX,220,MALL,M,2/1/18,32,123,606440,4265460,Pond 12,8:00,298,115.75,54.15,21.75,45.26,113.93,524,1340.4,Yes,NA,26,19.1,14,A,37.6,48.9
2017,17DX,221,NOPI,F,2/1/18,32,123,591483.5,4220664.5,Pond 12,8:20,249,93.67,44.06,17.23,39.79,93.1,437,877.5,Yes,NA,19.3,26,9.2,A,35.7,50.7
2017,17DX,222,NSHO,F,2/15/18,46,137,583059,4225176,Joice D,7:22,230,106.67,62.32,17.9,36.48,76.95,395,514.8,Yes,NA,12,10.5,5.8,A,34.6,53.5
2017,17DX,223,NSHO,F,1/25/18,25,116,582656.2,4224679.8,Joice D,9:00,237,111.27,60.8,17.12,36.21,78.45,410,532.4,Yes,NA,18.1,5,6.5,A,49.2,37.3
2017,17DX,224,NSHO,M,1/25/18,25,116,582656.2,4224679.8,Joice D,8:45,253,119.65,70.14,21.52,38.86,86.77,430,582.6,No,NA,25,4.9,6.2,A,50,34.7
2017,17DX,225,NSHO,M,1/25/18,25,116,582656.2,4224679.8,Joice D,9:00,249,118.17,67.73,19.64,36.49,92.69,430,607,Yes,NA,22.9,7,7.3,A,43.4,40.7
2017,17DX,226,MALL,M,1/25/18,25,116,582656.2,4224679.8,Joice D,7:45,296,114.61,54.87,22.63,48.6,108.89,530,1290.1,Yes,NA,37.2,20.2,15.2,A,43.1,41.5
2017,17DX,227,MALL,F,1/25/18,25,116,582656.2,4224679.8,Joice D,7:50,283,107.68,53.56,21.1,42.57,103.8,464,1212.7,Yes,NA,21.6,26.4,11.9,A,39.5,48.2
2017,17DX,228,AMWI,M,1/25/18,25,116,583059,4225176,Joice D,8-10 AM,262,89.73,37.76,16.74,39.26,92.18,419,747.6,Yes,NA,18.3,19.9,10.4,A,38.4,47.4
2017,17DX,229,AGWT,F,1/25/18,25,116,583059,4225176,Joice D,8-10 AM,180,78.78,35.07,13.47,32.42,64.75,307,338.8,Yes,NA,8.6,5.2,4.5,A,40.5,42.5
2017,17DX,230,NOPI,M,1/25/18,25,116,582656.2,4224679.8,Joice D,7:05,275,109.61,53.63,18.6,44.75,101.02,500,867.7,No,NA,19,7.7,12.2,A,44.6,41.8
2017,17DX,231,MALL,F,1/25/18,25,116,582656.2,4224679.8,Joice D,8:00,275,109.13,52.11,20.59,43.21,105.49,500,1264.6,Yes,NA,33.7,31.5,12.1,I,36,53.1
2017,17DX,232,MALL,M,2/1/18,32,123,606440,4265460,Pond 12,8:00,286,115,56.28,22.47,45.45,114.84,516,1152.4,Yes,NA,38.2,8,12.6,A,51.7,29.4
2017,17DX,233,MALL,F,1/25/18,25,116,583059,4225176,Joice D,8:05,287,113.71,58.66,22.36,42.93,105.86,470,1045.7,Yes,NA,23.8,11.6,14.3,A,51.2,37.6
2017,17DX,234,GADW,F,1/25/18,25,116,582656.2,4224679.8,Joice D,8:45,259,96.01,42.31,17.42,39.48,94.83,427,872.1,Yes,NA,22,25.2,9.4,A,33.6,54.9
2017,17DX,235,AMWI,M,1/25/18,25,116,583059,4225176,Joice D,10:30,271,88.46,37.62,16.55,36.94,87.6,395,635.4,No,NA,19.2,7.4,7.9,A,51,36.7
2017,17DX,236,MALL,M,1/25/18,25,116,582656.2,4224679.8,Joice D,8:20,292,110.69,54.74,21.06,44.82,109.01,520,1161.5,Yes,NA,23.1,17.7,13.7,A,44.7,41.9
2017,17DX,237,GADW,F,1/25/18,25,116,583059,4225176,Joice D,8:00,239,89.97,40.81,16.32,37.75,89.88,395,653.8,Yes,NA,27.8,4.8,8.7,I,49.1,33.8
2017,17DX,238,MALL,M,1/25/18,25,116,582656.2,4224679.8,Joice D,8:30,283,117.79,56.66,23.65,48.12,103.25,500,946,No,NA,29.1,4.7,14.6,A,57.9,26
2017,17DX,239,AMWI,F,1/25/18,25,116,583059,4225176,Joice D,10:13,239,81.64,34.84,15.12,37.03,83.54,386,673.2,Yes,NA,14.9,17.5,6.8,A,37.65,50.5
2017,17DX,240,MALL,F,2/1/18,32,123,606440,4265460,Pond 12,8:00,274,109.05,54.05,21.1,45.31,105.14,490,1078.1,Yes,NA,22.2,15.1,12.4,I,47.3,38.7
2017,17DX,241,AGWT,F,2/15/18,46,137,583059,4225176,Joice D,9:40,178,74.62,34.13,12.55,29.29,63.94,290,299,Yes,NA,8.4,4,4.1,A,42.2,47.7
2017,17DX,242,AGWT,M,2/15/18,46,137,583059,4225176,Joice D,9:40,179,80.96,36.78,13.93,31.17,75.04,322,361.5,No,NA,9,8.9,3.7,A,36.9,49.1
2017,17DX,243,NOPI,F,2/26/18,57,148,584001.8,4230505.2,WLanding,7:30-9:45,257,100.02,44.56,18.64,39.88,97.89,435,948.9,Yes,NA,20.6,32.2,10.7,A,27.8,62.3
2017,17DX,244,AGWT,M,2/15/18,46,137,583059,4225176,Joice D,9:14,188,78.09,34.92,13.67,29.62,73.32,312,374.1,No,NA,9.2,5.5,3.8,A,39.5,49.2
2017,17DX,245,NSHO,M,2/15/18,46,137,583059,4225176,Joice D,9:15,246,116.66,63.98,18.8,35.43,90.37,420,637.2,Yes,NA,19.5,17.3,7.8,A,33,56.1
2017,17DX,246,GADW,F,2/15/18,46,137,583059,4225176,Joice D,9:00,261,87.96,38.5,17.12,38.09,97.05,409,820.1,No,NA,18.9,22.4,7.5,A,34.1,56.3
2017,17DX,247,AGWT,M,2/1/18,32,123,606440,4265460,Pond 12,9:55,188,80.77,36.96,13.95,31.64,70.12,310,328.2,Yes,NA,8.6,4.1,4,A,42.8,42
2017,17DX,248,MALL,M,2/1/18,32,123,606440,4265460,Pond 12,9:45,291,115.98,56.6,23.79,45.7,110.44,530,1339.9,Yes,NA,37.1,17.8,12.5,A,47.1,38.3
2017,17DX,249,GADW,M,2/1/18,32,123,606440,4265460,Pond 12,8:45,269,98.7,44.05,18.02,39.38,100.89,NA,887.7,Yes,NA,26,21.2,9.2,A,40,43.8
2017,17DX,250,MALL,F,2/1/18,32,123,606440,4265460,Pond 12,8:47,271,105.66,49.2,21.25,42.79,105.11,472,1057,Yes,NA,24.2,13.1,12,I,47.4,37.7
2017,17DX,251,MALL,M,2/1/18,32,123,606440,4265460,Pond 12,8:00,285,114.94,57.89,22.71,46.87,114.51,519,1353.4,Yes,NA,32.9,15.2,13.8,A,42.8,43
2017,17DX,252,MALL,F,2/1/18,32,123,606440,4265460,Pond 12,8:00,276,105.17,52.22,21.19,41.27,107.17,470,1177,Yes,NA,30.7,20.9,14,A,40.1,51.2
2017,17DX,253,MALL,F,2/1/18,32,123,606440,4265460,Pond 12,8:05,270,107.93,50.41,21.14,42.75,103.99,475,1137.4,Yes,NA,27.4,18.3,13.1,A,38.85,48.55
2017,17DX,254,MALL,F,2/1/18,32,123,606440,4265460,Pond 12,7:00,272,104.29,52.11,20.55,41.1,104.44,465,1106.6,Yes,NA,39.4,14,12.4,I,44.4,42.7
2017,17DX,255,AGWT,M,2/1/18,32,123,606440,4265460,Pond 12,7-10 AM,186,77.48,34.73,13.73,30.81,67,305,308.2,No,NA,8.1,3.4,3.7,A,41.5,44.8
2017,17DX,256,AMWI,M,2/26/18,57,148,584001.8,4230505.2,WLanding,7:30-9:45,267,88.45,38.73,17.39,39.76,96.1,405,726.9,No,NA,12,13.5,7.1,A,40,48.6
2017,17DX,257,AMWI,F,2/1/18,32,123,591483.5,4220664.5,Pond 12,10:30,255,79.03,32.91,16.72,36.87,85.92,370,650.6,Yes,NA,17.6,15.4,7.9,A,37.55,50.7
2017,17DX,258,AMWI,F,2/1/18,32,123,591483.5,4220664.5,Pond 12,10:00,258,85.42,35.71,16.67,38.09,85.28,384,704.4,Yes,NA,19.9,8.3,7.7,A,45.6,39
2017,17DX,259,AMWI,M,2/1/18,32,123,591483.5,4220664.5,Pond 12,10:00,266,89.02,37.08,16.83,39.38,94.63,415,812.3,Yes,NA,22.7,11.5,8.2,A,46.6,38.5
2017,17DX,260,GADW,F,2/1/18,32,123,591483.5,4220664.5,Pond 12,9:48,263,91.62,40.67,18.11,NA,92.31,423,859.5,Yes,NA,20.3,20.5,8.5,A,38.8,48.9
2017,17DX,261,NOPI,F,2/1/18,32,123,591483.5,4220664.5,Pond 12,9:00,255,97.3,46.38,17,40.36,92.03,445,857.8,Yes,NA,19.4,29.1,8.7,I,33.9,58.3
2017,17DX,262,MALL,M,2/1/18,32,123,591483.5,4220664.5,Pond 12,8:43,280,112.77,53.64,21.96,44.5,112.68,500.4,1271.9,Yes,NA,34.9,27.2,14.3,A,37.4,52.8
2017,17DX,263,AGWT,F,2/1/18,32,123,591483.5,4220664.5,Pond 12,8:00,179,78.17,35.48,13.41,29.67,64.57,300.4,325.8,Yes,NA,12.2,2.1,4.4,A,48.9,35.6
2017,17DX,264,MALL,F,2/1/18,32,123,591483.5,4220664.5,Pond 12,7:05,284,106.91,51.82,21.24,46.75,100.49,487,1111.5,Yes,NA,32.3,12.2,11.6,A,44.3,44.5
2017,17DX,265,MALL,M,2/1/18,32,123,591483.5,4220664.5,Pond 12,7-10 AM,277,114.45,55.14,23.5,45.42,108.86,500.6,1178,Yes,NA,26.4,8.7,12.8,A,52.9,31.6
2017,17DX,266,AGWT,M,2/15/18,46,137,583059,4225176,Joice D,7:00,192,80.37,36.08,14.07,30.76,72.28,320,345.8,Yes,NA,9,3.8,4.1,A,43.7,43.6
2017,17DX,267,AGWT,F,2/15/18,46,137,583059,4225176,Joice D,7:00,181,76.04,34.29,13.38,28.65,66.93,300,320.9,Yes,NA,15.5,4.3,3.8,A,40.45,48.5
2017,17DX,268,NSHO,M,2/8/18,39,130,591483.5,4220664.5,Pond 12,9:30,246,114.75,63.37,19.26,36.15,87.47,425,535.8,Yes,NA,18.7,2.3,6.9,A,54.4,30.7
2017,17DX,269,AGWT,M,2/15/18,46,137,583059,4225176,Joice D,7-10 AM,192,80.58,37.65,14.03,30.21,73.45,325,366.2,Yes,NA,7.6,7.7,4.3,A,40.5,46.8
2017,17DX,270,NOPI,F,2/8/18,39,130,591483.5,4220664.5,Pond 12,9:00,268,98.73,43.7,17.45,40.69,95.24,452,918,Yes,NA,19.7,21.4,10.7,A,34,52.5
2017,17DX,271,AMWI,M,2/8/18,39,130,591483.5,4220664.5,Pond 12,8:25,267,84.05,34.85,16.05,36.42,88.44,401,713.2,No,NA,26.2,10.1,6.9,A,46.5,41.1
2017,17DX,272,AMWI,F,2/8/18,39,130,591483.5,4220664.5,Pond 12,8:25,253,84.64,35.59,16.95,36.76,81.86,393,675.2,No,NA,22.6,12.6,7.3,A,47.5,37.4
2017,17DX,273,MALL,F,2/8/18,39,130,591483.5,4220664.5,Pond 12,8:15,270,106.74,51.82,21.8,45.48,105.45,468,979.9,Yes,NA,31.5,8.6,11.2,I,50.6,35.1
2017,17DX,274,AGWT,M,2/8/18,39,130,591483.5,4220664.5,Pond 12,8:25,188,81.55,35.11,14.58,30.22,73.74,321,328.3,Yes,NA,12.4,2.6,3.8,A,48.1,35.2
2017,17DX,275,NOPI,F,2/8/18,39,130,591483.5,4220664.5,Pond 12,8:00,268,103.1,47.82,16.83,40.75,93.9,458,766.9,Yes,NA,28.3,7.6,9.7,A,44,42.3
2017,17DX,276,NOPI,M,2/8/18,39,130,591483.5,4220664.5,Pond 12,8:00,286,111.01,50.64,17.96,43.86,104.33,511,1047.8,Yes,NA,30.6,24.1,10.1,A,35.1,47.1
2017,17DX,277,AGWT,M,2/15/18,46,137,583059,4225176,Joice D,7:00,189,74.35,33.07,13.77,31.23,74.32,NA,357.4,No,NA,11.1,5.2,4.8,A,39.2,52.7
2017,17DX,278,AGWT,F,2/15/18,46,137,583059,4225176,Joice D,6:55,179,75.55,32.4,13.13,28.8,69.55,295,292.9,Yes,NA,8.4,3.3,4.1,A,46.7,38.6
2017,17DX,279,NSHO,M,2/26/18,57,148,584001.8,4230505.2,WLanding,7:30-9:45,240,118.54,67.23,19.44,38.54,90.05,432,673.5,Yes,NA,21.6,13.9,7.9,A,35.1,53.5
2017,17DX,280,MALL,F,2/15/18,46,137,583059,4225176,Joice D,6:50,268,106.3,51.83,21.26,40.3,105.66,470,1091.1,Yes,NA,26.9,17.5,10.3,I,44.5,43.6
2017,17DX,281,NSHO,M,2/26/18,57,148,584001.8,4230505.2,WLanding,7:30-9:45,250,118.3,66.95,19.86,39.51,92.26,435,642.1,Yes,NA,24.5,8.8,7,A,44.5,39.5
2017,17DX,282,AGWT,M,2/15/18,46,137,583059,4225176,Joice D,6:55,184,78.33,35.07,13.33,28.98,63.55,311,354.1,No,NA,12.1,6.9,4.4,A,38.7,50.3
2017,17DX,283,NOPI,M,2/26/18,57,148,584001.8,4230505.2,WLanding,7:30-9:45,275,103.32,46.83,18.18,43.27,92.01,485,834.8,Yes,NA,14.9,29.5,8.7,A,34.95,52
2017,17DX,284,AGWT,M,2/15/18,46,137,583059,4225176,Joice D,6:55,193,80.58,36.67,13.85,29.61,71.58,320,347.5,No,NA,9.8,3,4.1,A,46.8,39
2017,17DX,285,MALL,M,2/15/18,46,137,583059,4225176,Joice D,6:50,290,116.68,NA,23.33,43.12,109.39,530,1269.2,Yes,NA,39.3,8.8,12.8,I,52.8,33.4
2017,17DX,286,NOPI,M,2/15/18,46,137,582656.2,4224679.8,Joice D,9:07,268,107.05,51.68,18.95,42.66,102.77,492,872.5,Yes,NA,16.2,20.9,9,A,37.7,50.8
2017,17DX,287,NSHO,M,2/15/18,46,137,582656.2,4224679.8,Joice D,7:00,255,117.78,63.08,19.73,38.2,91.92,420,623.3,Yes,NA,16.4,7.9,7.6,A,41.05,46.1
2017,17DX,288,NSHO,F,2/15/18,46,137,582656.2,4224679.8,Joice D,7:22,235,105.8,59.7,18.94,33.98,79.94,400,536.1,Yes,NA,16.6,7.9,6.2,A,38.6,50.9
2017,17DX,289,NOPI,F,2/15/18,46,137,582656.2,4224679.8,Joice D,7:54,265,100.14,46.23,19.23,42.88,96.67,447,961.8,Yes,NA,29.2,22.9,11.1,A,34.2,55.6
2017,17DX,290,NSHO,M,2/15/18,46,137,582656.2,4224679.8,Joice D,8:17,253,118.18,66.8,20.85,39.1,86.73,435,656.6,Yes,NA,20.9,11.7,6.7,A,40.6,43.7
2017,17DX,291,NSHO,M,2/15/18,46,137,582656.2,4224679.8,Joice D,7:38,249,117.96,68.65,18.17,36.08,84.8,420,571.9,Yes,NA,18.4,11.7,7.4,A,40.3,47.7
2017,17DX,292,NOPI,M,2/15/18,46,137,582656.2,4224679.8,Joice D,9:22,285,110.18,50.66,19.54,44.56,102.5,510,1125.3,Yes,NA,25.4,33.1,11,A,32.8,55.7
2017,17DX,293,NOPI,F,2/15/18,46,137,582656.2,4224679.8,Joice D,9:00,258,99.48,45.92,18.11,39.43,94.78,445,764.5,Yes,NA,23,18.5,9,I,37.5,49.8
2017,17DX,294,AGWT,M,2/15/18,46,137,582656.2,4224679.8,Joice D,7:24,190,79.03,34.95,13.94,31.51,73.19,315,308.1,Yes,NA,8.6,2.4,3.5,A,46.7,38.7
2017,17DX,295,AGWT,M,2/15/18,46,137,582656.2,4224679.8,Joice D,7:24,NA,83,36.01,14.28,31.89,71.41,320,386.1,Yes,NA,6.3,8.4,4,A,31.4,54.5
2017,17DX,296,MALL,F,2/26/18,57,148,584001.8,4230505.2,WLanding,7:30-9:45,278,108.08,50.43,22.25,45.59,108.6,488,1206.2,Yes,NA,35.6,12.4,13.4,A,39.9,48.1
2017,17DX,297,MALL,F,2/26/18,57,148,584340.4,4230512,WLanding,7:07,286,105.86,51.8,21.46,35.44,110.43,470,1096.1,Yes,NA,25.4,15.4,12.3,A,39.7,48.1
2017,17DX,298,MALL,F,2/22/18,53,144,583059,4225176,Joice D,7:18,276,106.3,50.06,20.94,42.43,101.78,460,998.4,Yes,NA,26.3,10.8,11.2,I,46.4,46
2017,17DX,299,NOPI,F,2/26/18,57,148,584001.8,4230505.2,WLanding,7:30-9:45,253,103.05,47.14,18.61,41.03,98.1,465,1029.3,Yes,NA,20.6,39.2,11,A,30,57.7
2017,17DX,300,NSHO,M,2/26/18,57,148,584001.8,4230505.2,WLanding,7:30-9:45,244,115.08,66.43,19.94,38.29,93.43,415,671.9,Yes,NA,14.2,18,8.6,A,33.4,54.4
2017,17DX,596,MALL,M,2/22/18,53,144,583059,4225176,Joice D,6:50,284,115.07,54.17,21.27,44.34,108.16,480,1187,Yes,NA,31.7,20.7,13.9,A,38.5,54.1
2017,17DX,597,AMWI,F,3/9/18,68,159,592545.2,4220566.1,Pond 12,7:05,244,79.95,33.44,16.36,35.98,82.93,375,553.5,Yes,NA,17.2,1.4,5.1,I,64.7,16
2017,17DX,598,MALL,M,2/22/18,53,144,587869.1,4227454.8,Joice A,9:25,301,114.99,54.48,22.83,43.67,112.6,516,1269.3,Yes,NA,31.3,18.7,12.4,A,39.8,50
2017,17DX,599,NOPI,M,2/22/18,53,144,587869.1,4227454.8,Joice A,8:50,255,102.93,49.53,18.81,41.58,97.71,480,821.2,Yes,NA,28,10.7,8.9,A,45.4,38.9
2017,17DX,600,NOPI,F,2/22/18,53,144,587869.1,4227454.8,Joice A,8:50,244,96.59,45.45,17.4,37.86,93.9,437,753.9,Yes,NA,22.6,13.1,8.9,I,44.2,45.5
2017,17DX,601,NSHO,M,3/9/18,68,159,592545.2,4220566.1,Pond 12,7:15,249,114.66,64.63,19.77,38.14,89.93,434,650.9,Yes,NA,17.2,12.7,7.3,A,37.9,50.6
2017,17DX,602,AGWT,M,2/26/18,57,148,584340.4,4230512,WLanding,9:19,190,86.51,41.41,12.94,30.64,73.49,334,350.3,Yes,NA,7.6,7.9,4.1,A,34,57
2017,17DX,603,AGWT,F,2/26/18,57,148,584340.4,4230512,WLanding,9:19,180,77.13,35,14.07,30.35,70.96,300,305.8,Yes,NA,7.5,1.9,4,I,49.2,35.8
2017,17DX,604,NSHO,F,3/9/18,68,159,592545.2,4220566.1,Pond 12,7:15,220,101.2,39.25,18.57,35.03,83.59,390,494.2,Yes,NA,14,6.2,5.2,I,44.2,43
2017,17DX,605,MALL,F,3/9/18,68,159,592545.2,4220566.1,Pond 12,7:30,265,103.15,49.25,21.76,41.94,98.86,457,972.1,Yes,NA,24.9,11.5,11,I,44.6,44.5
2017,17DX,606,NOPI,M,2/26/18,57,148,584340.4,4230512,WLanding,6:57,288,111.1,52.39,18.9,45.4,101.82,530,1135,No,NA,21.6,46.5,11.6,A,29.1,59.5
2017,17DX,607,AGWT,F,2/26/18,57,148,584340.4,4230512,WLanding,7:30,185,80.23,36.2,13.07,30.9,70,301,313.3,Yes,NA,8.7,1.7,4.1,I,47.7,36.6
2017,17DX,608,MALL,F,3/9/18,68,159,592545.2,4220566.1,Pond 12,7:45,272,105.93,51.72,21.49,42.87,105.46,460,975.1,Yes,NA,20.4,8.2,10.7,I,50.2,34.75
2017,17DX,609,AGWT,M,3/9/18,68,159,592545.2,4220566.1,Pond 12,6:55,193,81.55,35.61,14.35,29.35,76.25,320,354.1,Yes,NA,8.2,3.6,5.1,A,46.7,40.6
2017,17DX,610,NOPI,F,2/26/18,57,148,584001.8,4230505.2,WLanding,7:30-9:45,269,98.79,48.59,18.01,40.67,95.3,455,854.2,Yes,NA,15.3,21.4,7.9,A,36.8,46.6
2017,17DX,611,NOPI,M,2/26/18,57,148,584001.8,4230505.2,WLanding,7:30-9:45,282,106.2,48.69,17.65,42.6,97.33,NA,903.3,Yes,NA,18.1,22.1,12.7,A,35,53.9
2017,17DX,612,NSHO,M,2/26/18,57,148,584001.8,4230505.2,WLanding,7:30-9:45,257,118.79,68,20.43,39.45,94.98,433,706.3,No,NA,18.3,19.6,8.3,A,35.5,56.2
2017,17DX,613,MALL,M,2/26/18,57,148,584001.8,4230505.2,WLanding,7:30-9:45,296,117.22,56.11,22.39,47.25,114.74,537,1420.4,Yes,NA,28.7,25.5,12,A,41.2,45.8
2017,17DX,614,MALL,M,3/9/18,68,159,592545.2,4220566.1,Pond 12,7:45,285,118.55,NA,22.28,45.99,117.02,525,1110.7,Yes,NA,18.5,18.5,12.1,I,46.7,45.3
2017,17DX,615,MALL,M,2/26/18,57,148,584340.4,4230512,WLanding,7:07,295,116.12,56.04,21.42,46.81,114.35,NA,1175.6,Yes,NA,25.4,8,10.4,A,53.8,34.1
2017,17DX,616,NSHO,M,3/14/18,73,164,591483.5,4220664.5,Pond 12,8:20,251,119.86,68.4,19.89,36.44,92.98,436,680.3,Yes,NA,26.9,12.8,8.2,A,38.1,47.6
2017,17DX,617,AGWT,M,3/9/18,68,159,592545.2,4220566.1,Pond 12,8:20,188,79.61,36.42,14.45,29.79,70.9,315,334.2,Yes,NA,6.7,5.1,4.1,A,40.6,44.65
2017,17DX,618,AGWT,M,3/14/18,73,164,591483.5,4220664.5,Pond 12,8:09,190,81.72,36.96,13.91,30.83,74.8,316,326.8,Yes,NA,8.9,5.3,3.7,A,36.3,52.2
2017,17DX,619,NSHO,M,3/14/18,73,164,591483.5,4220664.5,Pond 12,8:20,246,117.21,66.95,19.55,38,94.24,435,613,No,NA,15.5,13.4,7.3,A,36.3,55.6
2017,17DX,620,MALL,F,3/14/18,73,164,591483.5,4220664.5,Pond 12,8:25,272,108.55,53.26,21.03,44.5,105.85,485,881.4,Yes,NA,29.9,1.1,9.5,I,66.8,13.6
2017,17DX,621,NSHO,M,3/14/18,73,164,591483.5,4220664.5,Pond 12,8:15,252,119.17,65.65,20.91,39.26,92.67,430,682.9,Yes,NA,19.6,17,6.8,A,36.9,50.1
2017,17DX,622,AGWT,M,3/14/18,73,164,591483.5,4220664.5,Pond 12,8:30,185,81.9,38.16,13.68,30.48,72.86,308,307.4,Yes,NA,7.4,2.9,3.7,A,48.2,36.9
2017,17DX,623,NSHO,M,3/14/18,73,164,591483.5,4220664.5,Pond 12,8:35,248,111.98,64.42,20.76,37.85,89.61,418,574.5,Yes,NA,13.9,7.2,6.9,A,38.8,49.6
2017,17DX,624,CITE,F,3/9/18,68,159,592545.2,4220566.1,Pond 12,8:00,193,89.27,46.73,18.19,33.7,71.66,347,367.5,No,NA,11.8,2.5,4.4,A,51.5,32.2
2017,17DX,625,AGWT,F,3/14/18,73,164,591483.5,4220664.5,Pond 12,7:15,176,78.01,35.53,14.47,31.28,66.73,305,318.2,Yes,NA,7.5,4.6,3.8,I,48.3,39.9
2017,17DX,626,MALL,M,3/9/18,68,159,592545.2,4220566.1,Pond 12,7:50,304,117.14,56.87,22.42,46.47,115.69,530,1270.6,No,NA,25,27.3,13.5,A,36.7,51.6
2017,17DX,627,CITE,M,3/9/18,68,159,592545.2,4220566.1,Pond 12,8:00,191,87.24,43.68,17.53,33.25,79.89,360,404.5,Yes,NA,8.3,8.4,4.5,A,43.9,40.7
2017,17DX,628,NOPI,M,3/9/18,68,159,592545.2,4220566.1,Pond 12,9:00,284,104.13,49.49,19.01,43.56,96.43,497,841.7,No,NA,16.8,9.9,8.1,A,48,75.3
2017,17DX,629,NSHO,M,3/19/18,78,169,591483.5,4220664.5,Pond 12,7:45,260,114.5,64.19,20.45,36.04,92.57,425,631.5,Yes,NA,15.8,11.2,7.7,A,35.9,49.3
2017,17DX,630,MALL,M,3/9/18,68,159,592545.2,4220566.1,Pond 12,7:45,285,115.22,55.76,21.78,43.84,115.45,512,1138.6,Yes,NA,23.4,16.4,11.7,I,49.7,37.3
2017,17DX,631,GADW,M,3/9/18,68,159,592671.5,4219382.2,Redhouse Rd,10:30,279,100.41,42.92,17.9,40.58,101.81,455,932.9,Yes,NA,19.2,10.8,8,A,45.1,38.9
2017,17DX,632,AGWT,F,3/9/18,68,159,592545.2,4220566.1,Pond 12,8:10,178,78.08,35.34,13.79,29.09,68.26,297,298.7,Yes,NA,8.7,2.4,3.9,I,44.8,42
2017,17DX,633,GADW,F,3/9/18,68,159,592671.5,4219382.2,Redhouse Rd,10:30,265,95.95,42.47,17.44,39.22,96.17,424,837.6,Yes,NA,25.3,8.2,9.2,A,47.5,39.7
2017,17DX,634,AGWT,M,3/9/18,68,159,592545.2,4220566.1,Pond 12,6:20,192,80.13,35.53,14.58,29.64,73.37,315,361.4,Yes,NA,9.9,10.1,4.8,A,35.5,48.3
2017,17DX,635,AMWI,M,3/9/18,68,159,592545.2,4220566.1,Pond 12,7:20,264,86.32,36.13,16.55,36.96,85.11,405,765.8,Yes,NA,19.8,21.4,8.6,A,41.3,45.5
2017,17DX,636,NOPI,M,3/19/18,78,169,591483.5,4220664.5,Pond 12,9:45,285,110.05,53.03,18.97,43.76,106.92,525,910.5,No,NA,15.6,18.9,11,A,37.4,48.9
2017,17DX,637,NSHO,M,3/19/18,78,169,591483.5,4220664.5,Pond 12,7-10:30,249,115.47,65.37,20.7,36.97,85.62,420,561.1,Yes,NA,14.9,8.8,6.9,A,42.9,46.1
2017,17DX,638,AGWT,M,3/19/18,78,169,591483.5,4220664.5,Pond 12,7-10:30,188,77.94,33.84,13.74,29.66,72.22,315,311,No,NA,7.2,5.1,4,A,40.8,49
2017,17DX,639,AMWI,F,3/19/18,78,169,591483.5,4220664.5,Pond 12,7-10:30,254,84.02,35,15.87,36.71,94.35,399,716.1,Yes,NA,26.2,17.3,7.7,A,38.8,49
2017,17DX,640,CITE,M,3/19/18,78,169,591483.5,4220664.5,Pond 12,7-10:30,194,88.53,45.36,16.76,32.81,75.48,352,371.4,Yes,NA,8.6,7.5,3.9,A,43.5,41.5
2017,17DX,641,MALL,M,3/19/18,78,169,591483.5,4220664.5,Pond 12,9:26,308,112.37,53.2,23.01,44.78,115.44,520,1274,Yes,NA,24.3,21.4,13.4,A,41.4,48.1
2017,17DX,642,MALL,F,3/19/18,78,169,591483.5,4220664.5,Pond 12,9:00,279,105.88,51.76,21.18,45.11,95.14,470,1130.2,Yes,NA,24.3,28.4,11.3,A,43.1,41.7
2017,17DX,643,NSHO,M,3/14/18,73,164,592545.2,4220566.1,Pond 12,9:20,238,115.49,64.11,20.95,37.64,88.37,423,559,Yes,NA,19.4,5.9,8.3,A,48.5,39.5
2017,17DX,644,NSHO,F,3/19/18,78,169,589651,4224499.3,Island Slew,9:30,233,110.7,63.96,19.28,37.03,84.11,405,477.2,Yes,NA,13.1,4.3,5.6,A,47.3,36.7
2017,17DX,645,NSHO,M,3/14/18,73,164,592545.2,4220566.1,Pond 12,9:20,248,115.13,61.84,20.86,37.23,87.93,430,586.7,Yes,NA,16.7,12.8,6.6,A,36.4,48.2
2017,17DX,646,AGWT,F,3/19/18,78,169,589651,4224499.3,Island Slew,7:15,NA,73.12,34.61,12.9,28.58,63.18,300,349.9,Yes,NA,9.6,7.1,3.9,A,36.5,53.3
2017,17DX,647,NSHO,F,3/14/18,73,164,592545.2,4220566.1,Pond 12,7:27,226,104.92,58.92,18.81,31.94,88.13,390,543.7,Yes,NA,15.9,5.9,5.7,I,41.6,46
2017,17DX,648,AMWI,F,3/14/18,73,164,592545.2,4220566.1,Pond 12,8:18,237,81.53,35.22,15.19,35.83,83.46,373,529.6,No,NA,16.6,5.3,5.5,I,52.8,31.45
2017,17DX,649,NSHO,F,3/19/18,78,169,591483.5,4220664.5,Pond 12,10:35,230,109.33,61.57,19.95,35.22,86.42,400,575.9,Yes,NA,19.9,11.1,7.6,A,39.9,45.7
2017,17DX,650,MALL,M,3/14/18,73,164,592545.2,4220566.1,Pond 12,8:40,290,120.77,58.09,22.16,44.18,117.19,525,1205.6,No,NA,32,31.8,14.7,A,38.8,50.6
2017,17DX,651,AGWT,F,3/14/18,73,164,592545.2,4220566.1,Pond 12,9:00,188,75.85,35.45,13.01,29.06,68.17,299,313.3,Yes,NA,7.9,3.9,3.5,A,43.5,46
2017,17DX,652,GADW,M,3/14/18,73,164,592545.2,4220566.1,Pond 12,7:40,272,98.31,44.16,18.57,40.82,101.41,NA,858.4,Yes,NA,18.8,11.8,9.6,A,45.05,39.2
2017,17DX,653,AGWT,M,3/19/18,78,169,589651,4224499.3,Island Slew,7:15,183,78.56,35.36,13.31,30.29,69.45,315,389.8,Yes,NA,10.2,11.7,4.2,A,35.3,54.6
2017,17DX,654,GADW,M,3/19/18,78,169,589651,4224499.3,Island Slew,7:22,285,100.7,45.57,19.57,42.57,103.14,450,857.4,No,NA,22.8,12.8,9.7,A,43.4,42.8
2017,17DX,655,NSHO,F,3/19/18,78,169,589651,4224499.3,Island Slew,8:45,232,110.2,61.62,20.55,33.93,79.11,390,521.8,Yes,NA,14.4,7.5,6.5,A,45.8,42.6
2017,17DX,656,AGWT,M,3/14/18,73,164,591483.5,4220664.5,Pond 12,7:15,196,81.08,36.09,13.7,32.75,76.09,334,413.3,No,NA,9.5,10.3,5,A,36.7,51.4
2017,17DX,657,NOPI,M,3/14/18,73,164,591483.5,4220664.5,Pond 12,7:40,269,105.12,48.55,18,39.74,102.69,505,940.8,No,NA,14.6,27.6,9.9,A,33.8,53.2
2017,17DX,658,CITE,M,3/14/18,73,164,591483.5,4220664.5,Pond 12,7:17,199,85.7,43.22,17.56,32.62,75.86,NA,365.4,No,NA,13.1,3,4.1,A,57.5,23.6
2017,17DX,659,NSHO,M,3/14/18,73,164,591483.5,4220664.5,Pond 12,7:20,247,110.3,62.62,19.8,37.32,92.13,413,614.8,Yes,NA,19,13.3,6.9,A,36.3,49.8
2017,17DX,660,AGWT,F,3/14/18,73,164,591483.5,4220664.5,Pond 12,7:45,186,78.74,36.85,13.58,30.67,69.32,299,304.7,Yes,NA,8.1,3,3.3,I,45.7,39.9
2017,17DX,661,AGWT,M,3/14/18,73,164,591483.5,4220664.5,Pond 12,8:56,192,80.48,35.45,13.65,30.81,74.81,310,348.1,Yes,NA,7.9,5.6,3.9,A,45.5,40.3
2017,17DX,662,CITE,M,3/14/18,73,164,591483.5,4220664.5,Pond 12,7:55,195,93.71,50.33,16.77,34.02,77.67,380,388.5,Yes,NA,12.4,1.7,4.7,A,58.1,21
2017,17DX,663,CITE,M,3/14/18,73,164,591483.5,4220664.5,Pond 12,7:29,198,88.49,42.13,17.45,33.39,76.2,345,369.3,Yes,NA,8.8,2.4,4,A,51.6,32.7
2017,17DX,664,CITE,F,3/14/18,73,164,591483.5,4220664.5,Pond 12,7:29,182,82.48,42.08,16.1,30.75,72.18,330,355,Yes,NA,10.5,5.2,4.2,I,45.6,39.6
2017,17DX,665,AMWI,F,3/14/18,73,164,591483.5,4220664.5,Pond 12,7:10,241,81.76,34.91,16.29,36.12,85.22,NA,577.7,Yes,NA,20.8,3.4,5.2,I,63.4,18.9
2017,17DX,666,NSHO,F,3/14/18,73,164,591483.5,4220664.5,Pond 12,7-11 AM,234,108.95,61.48,19.19,37.04,86.58,400,523,Yes,NA,13,7.4,6.3,A,47.8,36.3
2017,17DX,667,NSHO,F,3/14/18,73,164,591483.5,4220664.5,Pond 12,9:55,241,105.45,57.9,18.44,37.83,87.24,400,541.6,Yes,NA,13.8,8.8,6.1,A,41.9,45.6
2017,17DX,668,NSHO,M,3/14/18,73,164,591483.5,4220664.5,Pond 12,9:55,240,114.6,64.66,18.99,36.25,85.83,405,525.5,Yes,NA,14.3,7.7,5.9,A,42.2,45.8
2017,17DX,669,AGWT,F,3/14/18,73,164,591483.5,4220664.5,Pond 12,10:15,177,76.28,35.27,13.66,28,70.92,290,293,Yes,NA,7.7,3.4,3.3,I,47.15,37.25
2017,17DX,670,NOPI,F,3/14/18,73,164,591483.5,4220664.5,Pond 12,10:20,265,99.89,47.48,18.47,40.92,96.85,470,883.1,No,NA,14.1,35.9,10.6,I,29.25,59.2
2017,17DX,671,NOPI,M,3/14/18,73,164,591483.5,4220664.5,Pond 12,10:20,279,107.58,50.5,19.2,42.88,100.02,511,943,No,NA,11.9,30.6,11.1,A,35.5,53.3
2017,17DX,672,AGWT,F,3/14/18,73,164,591483.5,4220664.5,Pond 12,10:35,184,77.8,34.96,14.21,28.95,70.74,NA,311,Yes,NA,7.9,1.2,4,I,50.9,32.1
2017,17DX,673,NSHO,M,3/14/18,73,164,591483.5,4220664.5,Pond 12,10:30,256,121.12,67.73,19.91,38.49,95.33,439,750.9,No,NA,25.5,21.5,8.7,A,34.6,56.9
2017,17DX,674,NSHO,F,3/14/18,73,164,591483.5,4220664.5,Pond 12,10:30,242,106.72,59.66,17.61,35.86,87.81,410,642.9,Yes,NA,19.6,14.2,6.4,A,37.3,48.3
2017,17DX,675,NSHO,M,3/14/18,73,164,591483.5,4220664.5,Pond 12,11:00,259,121.63,68.95,21.13,NA,95.73,423,606.4,No,NA,18.1,12.1,6.5,A,38.5,49
2017,17DX,676,NSHO,M,3/19/18,78,169,589651,4224499.3,Island Slew,9:15,254,116.07,66.58,20.32,37.18,88.82,430,674.1,Yes,NA,18.2,19.1,6.3,A,33.3,54.1
2017,17DX,677,MALL,M,3/19/18,78,169,589651,4224499.3,Island Slew,9:00,297,110.93,51.64,21.04,45.71,105.21,490,1001.9,Yes,NA,17.6,12.6,13.6,A,48,37.6
2017,17DX,678,NSHO,F,3/19/18,78,169,589651,4224499.3,Island Slew,7:00,229,101.2,57.53,19.99,34.64,82.29,385,535.4,Yes,NA,15.4,5.3,4.8,I,48.2,38.6
2017,17DX,679,NSHO,F,3/19/18,78,169,589651,4224499.3,Island Slew,9:15,243,106,59.81,19.49,34.5,84.07,402,621.3,Yes,NA,18.7,12,5.4,I,33.3,52.4
2017,17DX,680,MALL,F,3/19/18,78,169,589651,4224499.3,Island Slew,9:00,268,104.09,50.71,21.32,44.75,101.83,475,1198.9,Yes,NA,26.6,14.5,10.6,A,46.1,40.9
2017,17DX,681,NSHO,M,3/19/18,78,169,589651,4224499.3,Island Slew,9:30,237,117.39,67.31,19.95,37.22,93.89,425,642.1,Yes,NA,18.1,21.6,6,A,36.3,53.2
2017,17DX,682,AMWI,F,3/19/18,78,169,589651,4224499.3,Island Slew,9:35,252,83.51,32.96,16,38.3,86.3,400,717.9,No,NA,18.7,15.1,7.2,A,46.1,36.8
2017,17DX,683,GADW,F,3/19/18,78,169,589651,4224499.3,Island Slew,10:00,262,93.61,40.02,16.84,39.39,94.61,416,657.8,Yes,NA,17.7,2.4,7.9,I,61.7,18.5
2017,17DX,684,GADW,M,3/19/18,78,169,589651,4224499.3,Island Slew,10:00,276,96.55,45.38,17.66,41.75,92.26,447,753.9,Yes,NA,18.2,11.9,10.2,I,41.8,42
2017,17DX,685,AMWI,F,3/19/18,78,169,589651,4224499.3,Island Slew,10:15,241,81.04,33.12,15.51,36.21,86.19,380,589.9,Yes,NA,17.1,7.3,6.9,I,53.1,31.4
2017,17DX,686,AMWI,M,3/19/18,78,169,589651,4224499.3,Island Slew,7-10:30,252,89.6,38.03,17.18,37.48,97.76,415,742.6,No,NA,19.2,18.6,7,I,40.2,41.7
2017,17DX,687,AMWI,M,3/19/18,78,169,589651,4224499.3,Island Slew,10:45,265,87,36.31,16.71,38.25,93.16,408,677.9,Yes,NA,15.1,13.8,7.7,A,43.9,39.2
2017,17DX,688,AGWT,F,3/19/18,78,169,591483.5,4220664.5,Pond 12,8:58,178,76.65,36.4,13.94,30.13,67.84,305,306.3,Yes,NA,9.2,3.7,4.5,I,43.5,42.7
2017,17DX,689,NSHO,M,3/19/18,78,169,591483.5,4220664.5,Pond 12,10:35,245,116.76,65.95,19.07,38.93,89.38,430,631.7,Yes,NA,19.1,11.3,7.8,A,42.7,47.2
2017,17DX,690,AGWT,F,3/19/18,78,169,591483.5,4220664.5,Pond 12,10:50,180,74.08,35.82,13.6,29.76,64.8,327,319.1,Yes,NA,8.6,4.2,3.9,A,41,46.6
2017,17DX,691,CITE,F,3/19/18,78,169,591483.5,4220664.5,Pond 12,10:50,189,80.78,39.88,16.08,30.63,73.77,330,320.6,Yes,NA,7.9,2.2,3.9,I,53.2,30.1
2017,17DX,692,NSHO,M,3/29/18,88,179,591483.5,4220664.5,Pond 12,7:08,253,120.98,70.46,19.89,37.89,87.69,425,659.1,Yes,NA,18.9,18.8,8.3,A,31.7,53.9
2017,17DX,693,CITE,M,3/29/18,88,179,591483.5,4220664.5,Pond 12,8:00,198,94.39,48.63,16.76,32.71,80.61,367,435.3,Yes,NA,15,7.4,4.8,A,43.7,41.2
2017,17DX,694,AMWI,M,3/26/18,85,176,591483.5,4220664.5,Pond 12,10:25,269,79.35,32.49,16.96,37.45,91.65,396,795.1,No,NA,26.5,13.6,9.1,A,42.5,40.8
2017,17DX,695,NSHO,F,3/29/18,88,179,591483.5,4220664.5,Pond 12,7:08,238,105.22,57.54,19.86,34.43,85.85,400,581,Yes,NA,16.7,11.8,6.5,A,39.7,47
2017,17DX,696,CITE,F,3/26/18,85,176,591483.5,4220664.5,Pond 12,8:00,186,87.43,47.32,17.5,30.68,72,330,311.9,Yes,NA,8.7,0.3,3.4,A,63,18.8
2017,17DX,698,AGWT,M,3/29/18,88,179,591483.5,4220664.5,Pond 12,7:40,188,NA,37.46,14.53,30.97,78.32,335,410.6,No,NA,8.6,14.2,5.4,I,30.2,55.7
2017,17DX,699,CITE,F,3/29/18,88,179,591483.5,4220664.5,Pond 12,8:30,184,84.14,43.26,16.43,31.77,74,330,355.2,Yes,NA,13.1,2.8,4.5,I,51.4,31.3
2017,17DX,700,AGWT,M,3/26/18,85,176,591483.5,4220664.5,Pond 12,9:30,192,85.46,39.53,14.35,31.53,72.3,335,331.7,No,NA,7.5,3.8,3.9,A,47.3,40.5
2017,17DX,701,NOPI,M,3/26/18,85,176,591483.5,4220664.5,Pond 12,9:57,276,109.14,51.56,18.66,38.89,97.65,490,964,Yes,NA,15.3,28.9,12.1,A,35.5,54.5
2017,17DX,702,AGWT,M,3/29/18,88,179,591483.5,4220664.5,Pond 12,7:45,183,80.72,35.12,13.72,29.9,70.79,312,360.9,Yes,NA,9.2,6,4.6,I,38.4,46.6
2017,17DX,703,NSHO,F,3/29/18,88,179,593049.4,4219823.6,Redhouse Rd,9:30,226,107.34,60.68,20.38,34.6,84.57,390,657.4,Yes,NA,20.6,19.9,5.3,A,33.2,57.5
2017,17DX,704,NSHO,M,3/26/18,85,176,591483.5,4220664.5,Pond 12,7:10,249,112.56,60.5,20.21,38.96,90.42,420,620.3,Yes,NA,15.1,10.9,7.9,A,37.8,49.7
2017,17DX,705,NSHO,M,3/26/18,85,176,591483.5,4220664.5,Pond 12,7:45,243,119.33,67.66,21.45,38.19,96.49,432,615.7,Yes,NA,19,13.1,7,A,39.7,47
2017,17DX,706,CITE,F,3/26/18,85,176,591483.5,4220664.5,Pond 12,8:15,190,83.22,40.79,16.21,31.38,76.07,332,346.8,Yes,NA,11.6,0.1,3.7,A,63.3,16.3
2017,17DX,707,AGWT,F,3/26/18,85,176,591483.5,4220664.5,Pond 12,8:55,176,76.19,35.43,13.23,27.92,67.71,295,317.4,No,NA,7.2,8.2,3.5,A,34.4,56.6
2017,17DX,708,NSHO,F,3/26/18,85,176,591483.5,4220664.5,Pond 12,8:15,231,110.54,62.76,19.41,35.25,82.63,394,596.6,Yes,NA,15.3,17.3,5.9,A,33.2,52.1
2017,17DX,709,NSHO,M,3/26/18,85,176,591483.5,4220664.5,Pond 12,7:45,242,112.95,62.59,20.17,37.36,91.93,423,594.8,Yes,NA,18.4,8.7,6.7,I,48.4,37.7
2017,17DX,710,AGWT,F,3/26/18,85,176,591644,4221134,Pond 12,6:48,182,75.31,34.86,13.22,29.41,69.7,295,308.9,Yes,NA,9.6,4,3.4,I,46.6,39
2017,17DX,711,AGWT,M,3/26/18,85,176,591644,4221134,Pond 12,6:48,176,77.6,34.68,12.99,29.14,67.94,300,320.1,No,NA,8.3,4.4,3.5,A,43.6,46.1
2017,17DX,712,NSHO,M,3/29/18,88,179,591483.5,4220664.5,Pond 12,7:25,248,112.9,64.93,19.76,35.75,88.54,410,579,Yes,NA,22.5,11.1,7.6,A,40.4,41.5
2017,17DX,714,CITE,M,3/29/18,88,179,593049.4,4219823.6,Redhouse Rd,10:00,194,90.23,44.15,17.42,29.42,79.53,360,438.1,Yes,NA,12.6,8.6,4.4,A,42.5,45.5
2017,17DX,715,NSHO,M,3/26/18,85,176,592016,4220722,Pond 12,10:20,245,116.79,63.23,20.24,36.42,93.12,425,623.6,No,NA,12.2,17,6.4,A,38.4,51.7
2017,17DX,717,NOPI,M,3/26/18,85,176,592016,4220722,Pond 12,10:03,272,105.04,48.34,18.52,40.75,97.79,500,766.9,No,NA,17.3,11.3,10.4,A,46.1,40.4
2017,17DX,718,NSHO,M,3/29/18,88,179,593049.4,4219823.6,Redhouse Rd,9:30,257,117.19,66.49,19.85,36.31,92.43,425,687,No,NA,17.5,15.7,7.7,A,35.1,52.8
2017,17DX,719,AGWT,M,3/26/18,85,176,592016,4220722,Pond 12,7-10 AM,185,78.23,34.92,14,29.86,71.88,310,345.7,No,NA,7.5,10.6,3.5,A,34.1,52.4
2017,17DX,720,NSHO,F,3/26/18,85,176,592016,4220722,Pond 12,7:23,224,106.74,62.35,18.85,33.59,85.15,390,541.6,Yes,NA,12.7,14.3,5.6,I,35.7,50.1
2017,17DX,721,NSHO,M,3/26/18,85,176,591483.5,4220664.5,Pond 12,7:30,255,122.7,69.82,20.35,38.24,89.73,435,671.7,No,NA,16.5,18.6,7,A,37.1,51.9
2017,17DX,722,NSHO,M,3/26/18,85,176,591483.5,4220664.5,Pond 12,7:45,239,113.37,63.68,20.87,33.38,90.16,412,571.9,Yes,NA,17.5,12.8,6.5,A,40.1,47.3
2017,17DX,729,CITE,F,3/29/18,88,179,591483.5,4220664.5,Pond 12,8:40,181,85.48,42.65,16.65,30.88,70.09,326,363.9,Yes,NA,10.2,7.6,4.4,A,40.7,49.2
2017,17DX,730,AMWI,M,3/26/18,85,176,592016,4220722,Pond 12,9:18,271,88.39,36.58,16.54,35.63,93.19,412,777.4,No,NA,33.3,17.8,7.2,A,41.4,45.3
2017,17DX,731,MALL,M,3/26/18,85,176,592016,4220722,Pond 12,9:08,290,113.78,55.39,22.08,46.34,109.89,528,1033.6,No,NA,25,3.8,13,A,52.2,29.5
2017,17DX,732,AGWT,F,3/29/18,88,179,591483.5,4220664.5,Pond 12,10:05,178,77.52,36.32,13.5,29.54,69.43,298,345,Yes,NA,10.9,10.3,4,I,37.55,51.1
2017,17DX,733,NSHO,M,3/29/18,88,179,591483.5,4220664.5,Pond 12,9:53,258,117.12,67.63,21.11,38.41,91,420,627.8,Yes,NA,17.9,13.5,7.4,A,36.3,51
2017,17DX,734,NSHO,F,3/29/18,88,179,591483.5,4220664.5,Pond 12,10:20,238,106.36,58.58,18.78,37.35,85.21,410,628.7,Yes,NA,22,9.8,6.8,I,38.1,52.4
2017,17DX,741,CITE,M,3/29/18,88,179,591483.5,4220664.5,Pond 12,8:30,191,88.76,41.61,16.56,33.65,77.5,350,370.8,Yes,NA,11.1,3.8,4.1,A,52.3,33.4
2018,18DX,1,NSHO,M,10/1/18,274,0,583059,4225176,Joice D,8:05,250,122.71,70.33,18.46,37.97,86.69,440,598.2,NA,3,15.7,10.1,6.1,I,40.4,51
2018,18DX,2,GADW,M,10/1/18,274,0,583059,4225176,Joice D,8:12,281,102.62,43.54,17.97,40.94,101.55,465,757.8,NA,1,22.4,0.9,9.8,A,68,16.7
2018,18DX,3,NOPI,M,10/1/18,274,0,583059,4225176,Joice D,8:47,275,108.04,51.84,18.12,42.08,102.41,515,881.7,NA,1,18.2,26.6,12.6,I,41.8,48.1
2018,18DX,4,NOPI,M,10/1/18,274,0,583059,4225176,Joice D,10:30,292,109.4,51.65,18.66,39.88,106.17,510,1012.6,NA,3,24,23.6,13.9,A,36.1,53
2018,18DX,5,MALL,M,10/1/18,274,0,583059,4225176,Joice D,10:27,294,116.56,54.93,22.82,45.75,106.55,525,1273,NA,2,32.1,5.5,12.9,A,48.6,36.2
2018,18DX,6,NOPI,M,10/4/18,277,3,582728.2,4224451.3,Joice D,9:36,285,104.11,49.45,18.86,44.41,102.79,500,1097.3,NA,3,26.6,20.6,10.3,A,38,50
2018,18DX,7,AMWI,M,10/25/18,298,24,583059,4225176,Joice D,10:25,266,85.62,36.81,16.89,39.17,93.59,412,765,NA,1,21.9854,22.1,7.4,A,38.2,49.5
2018,18DX,8,AGWT,M,10/1/18,274,0,583059,4225176,Joice D,9:07,185,80.67,36.54,13.19,30.08,71.09,310,330.4,NA,2,8.6,2.7,3.2,I,46.7,37.4
2018,18DX,9,NSHO,M,10/4/18,277,3,582728.2,4224451.3,Joice D,8:30,247,117.87,66.93,19.24,40.01,88.66,430,565,NA,1,25.3,3.6,5.1,A,51,33.6
2018,18DX,10,AMWI,M,10/4/18,277,3,582728.2,4224451.3,Joice D,8:13,258,88.31,37.33,17.31,40.31,94.23,408,780.2,NA,3,26.3,9.5,8.8,I,47.9,37.8
2018,18DX,11,NSHO,F,10/4/18,277,3,582728.2,4224451.3,Joice D,10:17,235,103.27,58.52,17.86,35.63,84.8,387,569.1,NA,2,19.5,9.5,6,I,39.5,49.1
2018,18DX,12,NSHO,M,10/17/18,290,16,583059,4225176,Joice D,9:30,245,118.54,67.05,20.17,40.34,93.7,430,656.8,NA,1,20.6,14.2,5.2,I,34.3,58.7
2018,18DX,13,AMWI,M,10/4/18,277,3,582728.2,4224451.3,Joice D,8:49,269,86.14,35.28,16.58,38.94,98.87,400,760.4,NA,1,21,11,8.1,A,50.3,40.1
2018,18DX,14,NOPI,M,10/4/18,277,3,582728.2,4224451.3,Joice D,8:46,286,108.74,48.85,19.96,42.53,102.62,528,1112.8,NA,3,28.8,10,11.2,A,44.9,43.4
2018,18DX,15,NSHO,M,10/1/18,274,0,583059,4225176,Joice D,7:20,246,115.91,61.3,19.29,36.31,85.42,435,580.8,NA,3,20.5,2.9,8.7,A,49.6,36.9
2018,18DX,16,NSHO,F,10/1/18,274,0,583059,4225176,Joice D,7:05,224,108.72,60.65,18.51,34.07,81.32,387,481.6,NA,1,19,5.2,6.7,I,46.7,38.5
2018,18DX,17,MALL,M,10/1/18,274,0,583059,4225176,Joice D,7:50,287,112.36,54.47,21.93,43.05,101.33,510,1074.8,NA,2,43.8,4.3,11.9,A,59.4,31.3
2018,18DX,18,NSHO,F,10/1/18,274,0,583059,4225176,Joice D,7:45,225,106.69,60.05,18.35,34.24,80.51,390,513.8,NA,1,17.7,5,5.5,A,47.7,38.4
2018,18DX,19,NOPI,F,10/4/18,277,3,582728.2,4224451.3,Joice D,10:00,264,98.85,47.74,18.14,38.86,90.8,460,872.7,NA,0,32.6,22.7,8.5,A,36.3,53.4
2018,18DX,20,AGWT,M,10/1/18,274,0,583059,4225176,Joice D,7:10,190,79.03,35.55,13.53,29.64,72.41,325,370.7,NA,2,9.2,3.7,4,A,43,47
2018,18DX,21,MALL,F,10/4/18,277,3,582728.2,4224451.3,Joice D,9:10,271,108.18,50.2,21.3,43.55,108.21,475,1062.5,NA,2,27.9,13.3,11,I,43.3,44.4
2018,18DX,22,NSHO,F,10/4/18,277,3,582728.2,4224451.3,Joice D,8:30,225,107.69,61.89,18.13,35.75,79.32,400,544.3,NA,2,14.4,14,5.5,I,36.8,58.2
2018,18DX,23,MALL,M,10/17/18,290,16,583059,4225176,Joice D,9:50,298,118.5,58.13,22.24,46.26,107.33,500,1108.9,NA,1,43,4.2,14,A,52,30.7
2018,18DX,24,NOPI,M,10/4/18,277,3,582728.2,4224451.3,Joice D,9:00,281,109.26,51.87,19.53,45.38,102.94,525,965.8,NA,3,35.9,7.5,12.5,A,45.7,39.1
2018,18DX,25,MALL,F,10/17/18,290,16,583059,4225176,Joice D,8:21,273,105.79,51.5,20.6,42.95,106.62,477,1190,NA,2,32.6,24.4,13.6,A,40.3,52.5
2018,18DX,26,MALL,M,10/17/18,290,16,583059,4225176,Joice D,8:08,308,118.67,56.49,24.3,46.58,115.29,555,1389,NA,0,65.3,8,15.6,A,46.8,41.3
2018,18DX,27,NSHO,M,10/17/18,290,16,583059,4225176,Joice D,8:08,248,118.74,69.8,20.13,36.92,92.75,435,594.6,NA,1,19,13.2,7.5,I,35.4,51.4
2018,18DX,28,MALL,F,10/17/18,290,16,583059,4225176,Joice D,7:50,277,107.65,52.28,21.12,41.63,105.08,470,1145,NA,3,35.6,24.7,12.2,I,41.5,50.3
2018,18DX,29,MALL,M,10/4/18,277,3,583059,4225176,Joice D,6:45,296,118.5,56.54,22.37,43.8,110.74,508,1367.8,NA,1,65.9,13.3,14.2,A,46.3,44.45
2018,18DX,30,NOPI,M,10/17/18,290,16,583059,4225176,Joice D,9:45,277,110.14,52.69,18.82,44.82,107.58,521,1046,NA,2,22.5,22.4,10.4,A,37,54.8
2018,18DX,31,GADW,M,10/17/18,290,16,583059,4225176,Joice D,7:30,265,98.55,41.29,18.01,39.81,101.83,460,905.4,NA,2,40.4,5.8,11.5,I,56.5,34.4
2018,18DX,32,AMWI,M,10/17/18,290,16,583059,4225176,Joice D,7:45,272,86.4,35.8,16.81,39.6,86.08,408,780.5,NA,2,28.1,11.4,9.3,A,48,44.5
2018,18DX,33,AMWI,M,10/17/18,290,16,583059,4225176,Joice D,7:40,262,88.16,36.82,16.92,39.66,92.01,405,775.8,NA,2,36.1,16.6,7.4,I,41.6,43.5
2018,18DX,34,AMWI,F,10/17/18,290,16,583059,4225176,Joice D,7:45,249,83.57,34.8,16.17,38.3,85.51,392,707.8,NA,1,22.6,7.9,7.6,I,46.4,41.6
2018,18DX,35,MALL,M,10/17/18,290,16,583059,4225176,Joice D,8:00,294,115.33,54.71,22.8,44.48,112.03,527,1283.2,NA,1,46.4,7.9,14.2,A,50.1,33.2
2018,18DX,36,NSHO,M,10/17/18,290,16,583059,4225176,Joice D,7:30,273,115.41,63.6,19.6,39.08,91.74,430,582.9,NA,1,14.6,8.3,6.5,A,41.8,46.3
2018,18DX,37,NOPI,F,10/29/18,302,28,582728.2,4224451.3,Joice D,11:30,264,99.16,56.69,17.91,40.36,97.15,454,944.4,NA,2,21.4198,34.7,9,I,29.5,63
2018,18DX,38,NOPI,M,10/29/18,302,28,582728.2,4224451.3,Joice D,11:30,285,103.17,49.5,17.97,40.73,99.17,508,945.2,NA,1,26.4198,28.6,8.9,A,34.8,53.6
2018,18DX,39,NOPI,M,10/25/18,298,24,583059,4225176,Joice D,11:05,287,108.62,53.43,18.34,43.63,95.68,510,1104,NA,2,23.8538,41.5,10.7,A,32,62.8
2018,18DX,40,GADW,M,10/25/18,298,24,583059,4225176,Joice D,11:28,278,102.42,45.49,18.16,41.31,97.37,450,859.7,NA,1,27.3816,18.5,8.4,A,43.7,47
2018,18DX,41,NOPI,M,10/25/18,298,24,583059,4225176,Joice D,10:50,283,108.42,52.1,18.04,43.29,98.96,520,1062.1,NA,1,26.9212,35.1,11.1,A,36.7,58
2018,18DX,42,MALL,M,10/25/18,298,24,583059,4225176,Joice D,7:40,295,117.64,58.6,23.28,48.13,111.35,530,1391.8,NA,1,40.0231,40.6,12.4,I,38.8,54.5
2018,18DX,43,MALL,F,10/25/18,298,24,583059,4225176,Joice D,10:30,278,109.72,52.27,21.63,43.42,100.53,490,1101.8,NA,3,40.4716,10.8,12.7,A,48.6,41
2018,18DX,44,GADW,F,10/25/18,298,24,583059,4225176,Joice D,9:20,253,91.98,40.36,17.59,36.85,89.31,396,748.3,NA,1,22.2479,18.7,8.1,A,41.1,54.35
2018,18DX,45,MALL,M,10/25/18,298,24,583059,4225176,Joice D,7:50,300,114.18,52.09,22.57,47.73,106.85,536,1198.7,NA,1,53.4909,7.6,13.5,A,48.1,34.6
2018,18DX,46,AMWI,M,10/29/18,302,28,583059,4225176,Joice D,9:10,253,63.54,37.24,17.58,37.8,91.17,436,806.8,NA,1,28.7411,24.5,9.9,A,34.4,62.3
2018,18DX,47,AGWT,M,10/25/18,298,24,583059,4225176,Joice D,10:45,195,83.61,37.93,14.03,32.31,70.72,330,376.4,NA,1,9.4989,6.5,4.6,A,38.7,49.4
2018,18DX,48,GADW,M,10/25/18,298,24,583059,4225176,Joice D,9:20,289,102.01,44.97,18.89,42.38,98.25,460,898.4,NA,1,34.0844,10.5,11.5,A,45.2,42.5
2018,18DX,49,AMWI,M,10/25/18,298,24,583059,4225176,Joice D,7:35,271,91.58,40.54,17.42,40.39,93.54,420,941.9,NA,1,31.6104,30.4,9.8,A,37.1,54.3
2018,18DX,50,AMWI,F,10/29/18,302,28,582728.2,4224451.3,Joice D,11:30,257,81.46,33.44,15.19,36.43,86.17,384,784.5,NA,1,21.4587,28.2,8.9,A,36.2,54.85
2018,18DX,51,AGWT,F,10/29/18,302,28,582728.2,4224451.3,Joice D,10:35,178,76.78,33.62,13.8,29.18,72.16,300,281.8,NA,0,9.2221,7.2,3.6,I,38.7,48.5
2018,18DX,52,AGWT,M,10/29/18,302,28,582728.2,4224451.3,Joice D,10:35,195,79.64,34.11,14.02,28.87,75.45,306,356.8,NA,1,9.378,8.8,4.4,A,36,53.4
2018,18DX,53,NOPI,M,10/29/18,302,28,582728.2,4224451.3,Joice D,10:12,259,107.99,49.93,16.75,40.01,103.21,500,930.6,NA,3,27.763,9,10.8,I,47.1,41
2018,18DX,54,MALL,M,10/29/18,302,28,583059,4225176,Joice D,8:16,305,116.78,51.53,22.77,44.9,116.26,520,1280.4,NA,1,41.3602,11.8,15.4,A,50.9,34.8
2018,18DX,55,GADW,M,10/29/18,302,28,583059,4225176,Joice D,8:10,280,96.72,42.28,17.6,42.9,96.75,456,892.3,NA,0,28.8885,16.2,10.6,A,44.9,44.5
2018,18DX,56,AMWI,F,10/29/18,302,28,583059,4225176,Joice D,7:55,254,83.88,35.65,16.02,36.1,89.56,400,708.4,NA,2,30.5213,9.2,7.5,I,42.7,48.75
2018,18DX,57,AMWI,M,10/29/18,302,28,583059,4225176,Joice D,7:55,270,87.8,35.97,16.42,35.72,93,400,792.3,NA,3,26.3664,13.3,8,I,40,46.3
2018,18DX,58,NOPI,M,10/29/18,302,28,582728.2,4224451.3,Joice D,9:45,283,111.32,50.75,18.73,44.29,107.98,516,1060.7,NA,1,28.3173,21.8,12.7,A,38.1,53.4
2018,18DX,59,NOPI,M,10/29/18,302,28,582728.2,4224451.3,Joice D,9:45,281,108.02,49.27,18.39,41.99,98.14,500,874.5,NA,1,25.6609,14.4,13.4,A,39.7,52.8
2018,18DX,60,NSHO,F,10/29/18,302,28,582728.2,4224451.3,Joice D,11:35,232,110.29,60.8,19.39,35.17,87.25,400,628.4,NA,3,19.9467,13.3,7.1,A,37.4,53.5
2018,18DX,61,MALL,M,11/5/18,309,35,583059,4225176,Joice D,6:40,293,121.04,57.92,22,45.4,112.2,512,1040.4,NA,1,27.6314,6.3,12.6,A,53.4,33.8
2018,18DX,62,AMWI,M,11/5/18,309,35,583059,4225176,Joice D,6:50,264,85.62,35.35,17.38,36.82,91.74,394,682.8,NA,1,23.2515,12.8,7.8,A,44.5,42.4
2018,18DX,63,AGWT,M,11/5/18,309,35,583059,4225176,Joice D,6:15,197,82.72,36.48,14.51,31.63,77.1,326,396.9,NA,1,13.6672,8,5.1,A,38.3,54
2018,18DX,64,AGWT,M,11/5/18,309,35,583059,4225176,Joice D,6:15,196,81.64,36.79,13.96,31.19,73.54,322,380.2,NA,1,8.0671,6.9,4.7,A,35.7,49.5
2018,18DX,65,GADW,F,11/5/18,309,35,583059,4225176,Joice D,6:59,256,89.94,38.47,17.28,38.37,96.59,424,810.3,NA,1,20.8782,16.1,8.6,I,35.9,55.7
2018,18DX,66,GADW,M,11/5/18,309,35,583059,4225176,Joice D,6:59,277,98.78,43.93,17.84,42.63,104.18,452,914.9,NA,1,26.6282,20.9,11.2,A,35,48
2018,18DX,67,AGWT,M,11/5/18,309,35,583059,4225176,Joice D,7:15,180,83,36.64,14.13,29.35,67.96,324,321.3,NA,3,11.1696,0.9,4.4,I,55,30.7
2018,18DX,68,AGWT,F,11/5/18,309,35,583059,4225176,Joice D,7:30,182,75.12,34.05,13.16,28.91,69.91,290,271.6,NA,3,12.1465,1.2,3.9,I,51.7,34.1
2018,18DX,69,GADW,M,11/5/18,309,35,583059,4225176,Joice D,7:40,273,98.44,44.31,17.51,39.34,98.95,438,757.6,NA,1,20.3088,11.9,8.5,A,39.75,48.45
2018,18DX,70,AMWI,M,11/5/18,309,35,583059,4225176,Joice D,8:10,266,89.82,38.63,17.43,37.15,90.35,426,756.2,NA,1,25.623,13.6,6.9,A,41.2,46.5
2018,18DX,71,MALL,F,11/5/18,309,35,583059,4225176,Joice D,8:30,282,107.81,52.49,21.53,44.15,101.44,472,1132.7,NA,2,27.2067,20.2,10.8,A,42.1,47.3
2018,18DX,72,GADW,F,11/5/18,309,35,583059,4225176,Joice D,8:50,272,96.81,43.09,18.34,39.93,99.56,422,874,NA,1,29.1931,27.3,12.2,A,34.8,58.5
2018,18DX,73,MALL,M,11/12/18,316,42,583059,4225176,Joice D,7:05,289,118.38,57.94,22.28,45.98,114.34,520,1339,NA,2,42.0315,21.8,13.9,A,41.3,53.9
2018,18DX,74,NOPI,M,12/3/18,337,63,583951.33,4225249.58,Joice D,9:50,285,107.37,49.88,19.03,43.01,96.91,504,955.1,NA,0,19.3086,23.9,12.8,A,36.6,53.7
2018,18DX,75,MALL,M,11/5/18,309,35,583059,4225176,Joice D,9:05,303,118.22,53.44,24.22,46.53,110.71,532,1364,NA,1,33.6545,17.6,16.5,A,42.2,42.7
2018,18DX,76,NSHO,M,11/12/18,316,42,583332.37,4224869.23,Joice C,8:56,244,114.92,65.3,19.8,37.35,87.84,418,512.6,NA,0,15.8112,6.4,7,I,48.6,37.6
2018,18DX,77,AMWI,M,11/12/18,316,42,583332.37,4224869.23,Joice C,8:35,257,84.4,35.17,16.64,37.12,91.25,398,740.2,NA,3,24.2711,15.8,8.3,I,35.5,57.8
2018,18DX,78,MALL,F,12/3/18,337,63,583951.33,4225249.58,Joice D,9:40,263,103.07,51.43,21.1,40.62,103.65,460,1151.4,NA,1,30.4759,25.9,14.2,A,36.1,57.7
2018,18DX,79,NOPI,F,12/3/18,337,63,583951.33,4225249.58,Joice D,9:10,264,101.23,47.26,17.61,41,101.08,460,940.1,NA,2,29.1981,21.6,13.1,A,38,52.5
2018,18DX,80,AGWT,M,12/3/18,337,63,583951.33,4225249.58,Joice D,9:15,191,84.32,36.41,13.75,29.79,75.26,320,369.9,NA,1,9.8903,5.5,5.7,A,40.3,45
2018,18DX,81,AMWI,M,11/12/18,316,42,583332.37,4224869.23,Joice C,7:59,262,92.2,37.79,18.31,39.23,95.04,412,882.3,NA,2,18.7067,34.5,10,A,36.2,50.4
2018,18DX,82,MALL,F,11/12/18,316,42,583059,4225176,Joice D,7:05,287,110.5,53.61,21.85,43.88,103.48,476,1218.7,NA,2,42.116,21.5,14.3,A,39.8,50.6
2018,18DX,83,AMWI,F,11/12/18,316,42,583332.37,4224869.23,Joice C,7:59,262,86.34,35.34,15.96,41.46,96.11,401,829.6,NA,1,23.9908,26.9,10.9,A,35.1,58.35
2018,18DX,84,NSHO,F,11/12/18,316,42,583332.37,4224869.23,Joice C,8:30,238,107.87,60.34,19.5,37.35,83.84,410,606.6,NA,1,15.0347,16.7,7.3,A,29.3,53.4
2018,18DX,85,NOPI,M,11/12/18,316,42,583332.37,4224869.23,Joice C,8:28,291,113.97,55.07,19.54,45.4,107.96,530,1132.7,NA,0,28.7296,27.7,11.4,A,34.95,55.3
2018,18DX,86,NSHO,F,11/12/18,316,42,583332.37,4224869.23,Joice C,8:56,220,109.95,63.05,19.23,33.96,79.78,382,479.1,NA,0,19.0382,7,5.6,I,44.3,45.8
2018,18DX,87,MALL,M,11/12/18,316,42,583059,4225176,Joice D,6:55,305,112.4,52.2,23.17,48.18,98.3,514,1272.7,NA,1,29.7802,6.9,13.8,A,52.25,34.05
2018,18DX,88,NSHO,M,12/3/18,337,63,583951.33,4225249.58,Joice D,7:40,254,116.04,66.46,19.95,39.44,95.15,426,674.9,NA,1,19.0416,17.3,9.1,A,33.2,55.9
2018,18DX,89,AMWI,M,12/3/18,337,63,583951.33,4225249.58,Joice D,7:50,268,88.67,38.45,16.65,37.44,99.42,410,873.2,NA,1,17.1272,30.5,9.6,A,33.4,48.6
2018,18DX,90,AMWI,M,12/3/18,337,63,583951.33,4225249.58,Joice D,7:45,277,90.03,37.55,18.33,39.13,97.21,412,857.5,NA,1,16.666,28.1,11,A,35.2,56
2018,18DX,91,MALL,M,12/3/18,337,63,583951.33,4225249.58,Joice D,9:35,298,109.49,51.26,21.97,44.09,106.89,488,1250.1,NA,1,39.4613,27.5,14.9,A,38.6,50.9
2018,18DX,92,MALL,F,12/3/18,337,63,583951.33,4225249.58,Joice D,9:30,272,108.54,55.49,20.72,41.42,107.24,460,1162.1,NA,1,28.0971,43.4,11.9,I,31.7,54.6
2018,18DX,93,AMWI,F,12/3/18,337,63,583951.33,4225249.58,Joice D,10:10,250,84.36,34.93,16.49,36.23,93.03,378,720.3,NA,1,15.642,31.9,7.2,A,34.7,59.4
2018,18DX,94,AMWI,M,12/3/18,337,63,583951.33,4225249.58,Joice D,10:10,278,89.57,38.7,17.33,37.41,96.08,428,784.6,NA,0,22.5204,25.7,8.9,A,36.3,56
2018,18DX,95,NOPI,M,12/3/18,337,63,583951.33,4225249.58,Joice D,9:10,277,106.18,47.58,18.5,41.32,98.24,498,906.3,NA,0,,23.2,13.2,A,37.6,53.1
2018,18DX,96,AMWI,M,12/13/18,347,73,582728.2,4224451.3,Joice D,9:14,276,88.05,35.96,16.92,39.17,91.48,416,888.3,NA,0,20.1679,27.8,9.2,A,35.3,54.9
2018,18DX,97,NOPI,M,12/13/18,347,73,582728.2,4224451.3,Joice D,7:24,282,106.6,50.11,18.54,42.58,102.91,517,923,NA,1,49.2435,16.8,12.9,I,45.1,45.5
2018,18DX,98,MALL,F,12/3/18,337,63,583951.33,4225249.58,Joice D,7:12,270,109.65,53.87,22.15,42.54,106.4,490,1151.3,NA,0,23.6306,35.7,13.6,I,34.4,57.8
2018,18DX,99,NSHO,M,12/3/18,337,63,583951.33,4225249.58,Joice D,7:12,254,115.54,68.01,20.39,37.75,91.81,420,613.7,NA,1,17.7402,11.1,6.8,A,40.3,48.1
2018,18DX,100,NOPI,M,12/3/18,337,63,583951.33,4225249.58,Joice D,7:45,287,110.35,51.28,19.37,43.61,99.46,530,887.3,NA,1,19.0277,15.2,12.9,A,43.5,44.4
2018,18DX,101,NSHO,M,12/3/18,337,63,583951.33,4225249.58,Joice D,8:00,251,111.87,62.1,19.61,35.5,88.99,412,656.3,NA,1,25.8489,15.5,8.7,A,34.45,55.2
2018,18DX,102,NSHO,F,12/3/18,337,63,583951.33,4225249.58,Joice D,8:00,231,104.65,59.38,18.89,35.07,82.12,378,626.8,NA,1,22.6592,19.6,7.8,A,30.8,64.6
2018,18DX,103,NSHO,F,12/3/18,337,63,583951.33,4225249.58,Joice D,7:27,233,109.25,61.03,19.13,35.69,87.62,401,564.4,NA,1,16.1582,11.1,6.6,I,35.8,49.8
2018,18DX,104,AGWT,F,12/13/18,347,73,582728.2,4224451.3,Joice D,9:01,179,76.93,35.51,14.26,28.82,65.03,298,346.8,NA,1,9.792,7.3,4,A,35.3,56.9
2018,18DX,105,NOPI,F,12/13/18,347,73,582728.2,4224451.3,Joice D,8:48,260,99.76,47.41,18.06,38.43,97.59,440,866.4,NA,3,25.3876,17.7,10.8,A,36.1,52.7
2018,18DX,106,NOPI,F,12/13/18,347,73,582728.2,4224451.3,Joice D,7:54,267,103.64,49.68,17.13,42.62,96.67,466,1019.2,NA,1,16.9195,45.8,10.6,I,28.1,64.2
2018,18DX,107,NOPI,M,12/13/18,347,73,582728.2,4224451.3,Joice D,7:24,277,109.42,51.8,18.64,42.05,103.85,500,881.7,NA,0,20.9877,9.4,12.2,A,45.6,40.6
2018,18DX,108,NOPI,M,12/13/18,347,73,582728.2,4224451.3,Joice D,7:24,283,111.2,52.83,19.02,44.72,NA,522,922.4,NA,0,24.4154,12.3,13,A,46.7,40.8
2018,18DX,109,AMWI,F,12/13/18,347,73,582728.2,4224451.3,Joice D,9:14,245,83.6,35.53,16.61,37.32,92.2,370,710.7,NA,2,14.8102,23.8,8,A,37.1,53.5
2018,18DX,110,NSHO,F,12/13/18,347,73,582728.2,4224451.3,Joice D,9:50,243,110.36,60.39,19.46,38.19,83.62,400,544.2,NA,0,10.9393,18.2,6.5,A,32.4,57.5
2018,18DX,111,NSHO,M,12/13/18,347,73,582728.2,4224451.3,Joice D,9:53,254,113.7,62.8,20.97,36.27,86.59,406,591,NA,0,17.1166,7.6,9.7,A,41.8,43.9
2018,18DX,112,NSHO,F,12/13/18,347,73,582728.2,4224451.3,Joice D,8:09,232,108.31,59.56,20.44,34.68,87.01,NA,629.7,NA,1,17.1071,12,7.3,A,37,53.8
2018,18DX,113,NSHO,F,12/13/18,347,73,582728.2,4224451.3,Joice D,9:33,235,105.77,60.88,19.56,36.01,88.53,382,590.7,NA,1,16.3135,15.9,6.1,A,34.25,54.45
2018,18DX,114,AGWT,M,12/13/18,347,73,582728.2,4224451.3,Joice D,8:42,194,81.8,34.99,13.93,29.12,74.82,304,346,NA,0,6.6874,5.2,4,I,42.7,44.7
2018,18DX,115,AGWT,M,12/13/18,347,73,582728.2,4224451.3,Joice D,8:42,195,80.7,37.24,14.99,31.05,75.56,302,341.6,NA,0,8.6199,4.9,4.7,A,40.5,47.6
2018,18DX,116,AGWT,M,12/13/18,347,73,582728.2,4224451.3,Joice D,9:55,185,91.01,35.33,14.54,30.25,73.79,312,344,NA,1,7.1284,3.9,4.9,A,43.9,42.3
2018,18DX,117,AGWT,F,12/13/18,347,73,582728.2,4224451.3,Joice D,9:55,182,78.17,35.4,13.65,30.81,65.86,300,316.4,NA,1,8.2295,2.6,4.2,A,42.4,41.3
2018,18DX,118,AGWT,M,12/24/18,358,84,583059,4225176,Joice D,7:30,188,81.02,36.77,14,29.8,75,310,339,NA,1,10.9011,6.4,4.3,A,39.9,50
2018,18DX,119,NOPI,M,12/24/18,358,84,582728.2,4224451.3,Joice D,8:51,284,105.49,50.11,18.9,41.08,112.03,526,856.5,NA,0,21.4451,14,11,A,48.6,41.4
2018,18DX,120,NSHO,F,12/24/18,358,84,582728.2,4224451.3,Joice D,9:27,230,109.83,63.56,18.77,35.43,86.85,410,554.5,NA,2,19.1208,7.9,5.8,I,43.2,46
2018,18DX,121,GADW,M,12/24/18,358,84,582728.2,4224451.3,Joice D,9:55,275,100.78,48.1,17.84,41.63,105.42,444,860.6,NA,1,20.2563,21.1,9.3,I,43,47.1
2018,18DX,122,GADW,M,12/24/18,358,84,582728.2,4224451.3,Joice D,9:55,262,94.85,38.68,18.25,41.15,103.27,429,794.7,NA,0,20.9811,25.7,9,I,34.2,56.7
2018,18DX,123,AGWT,F,1/10/19,10,101,591483.5,4220664.5,Pond 12,9:00,182,77.14,34.7,NA,30.16,68.6,296,340.8,NA,1,8.3309,6.3,4.5,I,40.1,47.6
2018,18DX,124,AGWT,M,1/10/19,10,101,591483.5,4220664.5,Pond 12,6:58,183,76.45,37.3,13.99,29.75,65.68,300,331.5,NA,1,10.6377,4.2,4.1,A,44.2,41.2
2018,18DX,125,NSHO,M,1/10/19,10,101,591483.5,4220664.5,Pond 12,8:45,244,116.78,66.27,21.35,37.68,92.61,418,536.4,NA,0,13.5651,5.8,6.8,A,47.7,40.7
2018,18DX,126,AMWI,M,12/24/18,358,84,582728.2,4224451.3,Joice D,8:25,269,87.26,36.54,16.77,37.47,94.05,400,875.5,NA,1,17.6417,28.3,8.2,A,34,57.8
2018,18DX,127,MALL,M,12/24/18,358,84,583059,4225176,Joice D,7:10,305,118.68,57.27,22.64,47.16,113.85,528,1300.5,NA,1,19.9455,31,15.1,I,41.9,52.7
2018,18DX,128,NOPI,M,12/24/18,358,84,583059,4225176,Joice D,7:00,282,105.77,46.22,18.9,41.51,100.52,500,984.2,NA,0,19.0008,33.8,11.5,A,36.2,56.05
2018,18DX,129,NSHO,M,12/24/18,358,84,582728.2,4224451.3,Joice D,8:35,243,113.47,61.33,19.29,37.12,88.57,422,562.7,NA,1,15.5399,9.8,7.8,A,41.5,52.1
2018,18DX,130,AGWT,M,12/24/18,358,84,582728.2,4224451.3,Joice D,8:35,190,78.66,35.76,14.08,29.03,71.36,310,327.2,NA,0,6.4928,5.5,4.4,A,41.9,47.5
2018,18DX,131,AGWT,F,12/24/18,358,84,582728.2,4224451.3,Joice D,9:20,180,74.46,34.54,13.38,NA,NA,284,310,NA,1,4.4656,5.7,3.6,A,35,50.9
2018,18DX,132,AGWT,M,12/24/18,358,84,582728.2,4224451.3,Joice D,9:10,188,79.62,34.82,14,31.29,74.91,320,326.4,NA,1,7.0404,3.1,3.6,I,49,36.8
2018,18DX,133,AMWI,F,12/31/18,365,91,583059,4225176,Joice D,6:55,NA,78.94,32.12,14.96,35.59,82.18,370,674.4,NA,3,16.1462,24.5,9.1,I,35.4,56.5
2018,18DX,134,AMWI,M,12/31/18,365,91,583059,4225176,Joice D,6:55,274,89.15,37.61,17.3,37.36,91.91,400,798,NA,1,18.8462,25.2,9.5,A,36.3,57.2
2018,18DX,135,AGWT,F,12/31/18,365,91,583059,4225176,Joice D,7:05,180,76.57,34.1,13.54,28.31,71.38,310,327.4,NA,2,9.6268,3.3,4,I,43.7,47.8
2018,18DX,136,GADW,M,12/31/18,365,91,583059,4225176,Joice D,7:25,270,98.94,42.68,17.11,40.66,105.01,450,800.7,NA,1,15.7606,16.8,8.2,A,40.9,49.3
2018,18DX,137,GADW,M,12/31/18,365,91,583059,4225176,Joice D,7:35,276,96.53,41.14,18.49,42.51,109.81,444,987.5,NA,1,14.5799,35.3,11.9,I,34,59.5
2018,18DX,138,MALL,F,12/31/18,365,91,583059,4225176,Joice D,7:45,291,111.99,55.74,21.56,43.82,120.64,490,1271,NA,3,14.9597,48.2,14.8,A,35.55,59.95
2018,18DX,139,MALL,M,12/31/18,365,91,583059,4225176,Joice D,7:45,300,115.86,56.2,23.15,45.22,117.45,524,1496.5,NA,2,23.5565,42.6,13.9,A,38.7,48.5
2018,18DX,140,AMWI,M,12/31/18,365,91,583059,4225176,Joice D,8:00,266,87.79,36.67,16.44,38.38,99.41,420,686.6,NA,1,17.6405,7.4,7.8,A,50.8,35.1
2018,18DX,141,AMWI,M,12/31/18,365,91,583059,4225176,Joice D,8:00,275,NA,36.85,18.52,38.83,97.16,400,857.3,NA,1,13.0144,39.8,9.3,A,34,49.7
2018,18DX,142,NSHO,M,12/31/18,365,91,583059,4225176,Joice D,8:08,236,115.68,62.29,20.33,36.57,92.2,430,530.5,NA,2,16.8309,5.2,6.1,I,47.1,43.7
2018,18DX,143,GADW,F,12/31/18,365,91,583059,4225176,Joice D,8:18,253,93.34,39.69,17.18,36.84,94.39,390,610.8,NA,1,16.3155,1.8,8,I,60,18.6
2018,18DX,145,GADW,M,12/31/18,365,91,583059,4225176,Joice D,7:35,277,100.02,43.61,18.52,40.28,104.32,452,858.9,NA,0,21.2453,21,9.4,I,44.2,43.4
2018,18DX,146,MALL,M,12/31/18,365,91,583059,4225176,Joice D,7:00,284,115.1,53.8,23.9,47.38,116.54,510,1335.5,NA,1,22.9039,32.2,13.7,A,37.2,49.55
2018,18DX,147,AMWI,M,1/10/19,10,101,591483.5,4220664.5,Pond 12,7:25,269,90.22,36.49,17.87,41.51,91.88,388,774.5,NA,1,21.0006,16.6,8.8,I,40.7,46.5
2018,18DX,148,AMWI,M,1/10/19,10,101,591483.5,4220664.5,Pond 12,9:55,258,87.93,34.61,17.36,39.85,90.07,390,785.1,NA,1,17.2469,23.8,8.3,A,37.8,52.3
2018,18DX,149,NOPI,F,1/10/19,10,101,591483.5,4220664.5,Pond 12,7:25,269,96.96,45.39,17.26,41.09,90.77,442,885.6,NA,1,21.4409,26.6,13.4,I,34.2,61.6
2018,18DX,150,MALL,F,1/10/19,10,101,591483.5,4220664.5,Pond 12,9:16,273,110.36,52.08,22.17,37.75,98.14,472,1075.9,NA,3,38.0864,15.8,9.1,A,38.7,50.9
2018,18DX,151,AGWT,F,1/10/19,10,101,591483.5,4220664.5,Pond 12,7:35,178,75.51,33.59,13.62,30.68,66.49,302,353,NA,1,14.7474,7.7,3.8,I,37.8,54.2
2018,18DX,152,MALL,F,1/10/19,10,101,591483.5,4220664.5,Pond 12,7:45,263,NA,48.79,21.59,43.04,89.49,478,979.3,NA,2,25.7573,10.1,9.4,A,42.4,48.7
2018,18DX,153,NOPI,M,1/10/19,10,101,591483.5,4220664.5,Pond 12,9:16,281,105.32,48.77,18.88,45.28,100.96,490,899.9,NA,0,14.1395,28.6,11.3,A,41,52.5
2018,18DX,154,AMWI,F,1/10/19,10,101,591483.5,4220664.5,Pond 12,7:25,259,84.48,34.42,16.24,37.74,82.88,388,673.9,NA,2,21.1993,19.6,7.4,I,37,53.8
2018,18DX,155,MALL,M,1/10/19,10,101,591483.5,4220664.5,Pond 12,8:25,303,118.37,57.67,24.11,46.93,116,540,1552.8,NA,1,47.9862,23,16.5,A,39.1,49.9
2018,18DX,156,NOPI,F,1/10/19,10,101,591483.5,4220664.5,Pond 12,8:20,252,101.67,49.11,18.55,42.54,92.38,430,892.7,NA,1,16.6047,38.6,8.7,I,30.2,62.1
2018,18DX,157,AGWT,M,1/10/19,10,101,591483.5,4220664.5,Pond 12,8:15,187,80.7,38.51,14.03,31.77,70.19,320,335.9,NA,1,9.9789,2.8,4.1,I,45.8,42.9
2018,18DX,158,AGWT,M,1/10/19,10,101,591483.5,4220664.5,Pond 12,8:05,200,84.9,39,14.51,31.78,76.29,324,324.5,NA,1,7.0981,2.6,5,A,45.4,39.5
2018,18DX,159,GADW,M,1/10/19,10,101,591483.5,4220664.5,Pond 12,8:40,261,100.31,44.01,18.88,41.16,101.82,464,855.8,NA,0,22.7025,23.6,10.3,A,38.8,50.4
2018,18DX,160,CITE,M,1/10/19,10,101,591483.5,4220664.5,Pond 12,8:35,200,89.56,45.46,17.69,33.75,75.86,354,392.7,NA,1,10.7913,4.6,5.1,A,45.9,40.7
2018,18DX,161,CITE,F,1/10/19,10,101,591483.5,4220664.5,Pond 12,8:35,185,86.61,46.99,17.38,32.57,74.67,340,354.8,NA,3,10.8614,1.7,5,I,55.1,30.8
2018,18DX,162,NSHO,F,1/17/19,17,108,593049.4,4219823.6,Redhouse Rd,11:22,220,104.81,58.98,20.38,34.95,85.42,388,614.4,NA,0,13.3064,15.6,7.1,I,36.6,58.4
2018,18DX,163,NSHO,F,1/17/19,17,108,593049.4,4219823.6,Redhouse Rd,11:22,231,107.46,58.68,20.75,38.01,NA,400,511.8,NA,1,15.9999,6.7,7.3,A,45.4,41.4
2018,18DX,164,AMWI,M,1/17/19,17,108,591483.5,4220664.5,Pond 12,7:41,265,89.57,37.81,16.96,40.99,101.58,412,776,NA,1,13.7056,10.1,7.9,A,50.5,35.4
2018,18DX,165,MALL,F,1/17/19,17,108,591483.5,4220664.5,Pond 12,10:20,273,106.8,51.35,21.48,43.29,99.32,460,886.5,NA,3,19.3192,8.1,12.1,A,47.3,44.7
2018,18DX,166,MALL,F,1/17/19,17,108,591483.5,4220664.5,Pond 12,8:55,268,113.98,55.69,22.99,43.91,109.77,492,1220.7,NA,3,52.5689,16.7,13.3,I,42.9,45.1
2018,18DX,167,MALL,M,1/17/19,17,108,591483.5,4220664.5,Pond 12,8:55,304,117.41,56.24,23.87,48.65,116.33,526,1425.9,NA,2,28.9315,29.3,21.2,I,38,53.5
2018,18DX,168,AGWT,F,1/17/19,17,108,591483.5,4220664.5,Pond 12,7:30,181,75.91,34.89,13.97,31.49,67.27,300,345.1,NA,3,10.7876,3.5,4.5,I,46.9,44.1
2018,18DX,169,AGWT,M,1/17/19,17,108,591483.5,4220664.5,Pond 12,7:30,185,79.44,35.77,14.01,30.51,70.24,312,383.8,NA,1,9.3207,6.1,4.7,I,37.5,49.7
2018,18DX,170,NSHO,F,1/17/19,17,108,591483.5,4220664.5,Pond 12,7:40,229,110.03,59.37,19.07,35.1,80.58,394,583.1,NA,1,22.5007,7.2,7.5,A,44,43.3
2018,18DX,171,NSHO,F,1/17/19,17,108,591483.5,4220664.5,Pond 12,7:30,230,104.29,55.79,19.96,35.26,87.04,395,487.7,NA,0,15.121,6.9,6,I,44.7,45.3
2018,18DX,172,NSHO,M,1/17/19,17,108,591483.5,4220664.5,Pond 12,7:30,242,112.86,65.56,21.38,35.96,87.38,430,633.4,NA,1,24.3995,13.2,7.5,A,42.6,48
2018,18DX,173,AMWI,M,1/17/19,17,108,591483.5,4220664.5,Pond 12,8:46,266,85.75,36.27,17.75,37.57,92.34,420,803.5,NA,1,18.4943,17.8,11.6,A,40.9,48.4
2018,18DX,174,AGWT,M,1/17/19,17,108,591483.5,4220664.5,Pond 12,7:15,187,83.3,37.15,13.99,30.74,75.85,321,348.1,NA,1,7.4491,4.6,4.8,A,42.2,45.6
2018,18DX,175,AGWT,M,1/17/19,17,108,591483.5,4220664.5,Pond 12,7:15,189,83.45,37.27,14.29,31.08,79.35,322,398.9,NA,0,8.7565,8.8,5.2,I,40.1,43.9
2018,18DX,176,MALL,F,1/17/19,17,108,591483.5,4220664.5,Pond 12,7:10,268,109.96,53.6,21.39,42.33,103.14,470,1151.8,NA,3,41.5434,20,12.2,A,37.5,59
2018,18DX,177,NSHO,F,1/24/19,24,115,591483.5,4220664.5,Pond 12,7:32,232,107.47,59.82,19.26,36.22,82.83,400,584.1,NA,2,16.6758,11.9,6,A,43.5,50.8
2018,18DX,178,NSHO,M,1/24/19,24,115,591483.5,4220664.5,Pond 12,7:40,249,115.31,65.64,20.27,38.65,90.01,426,653.2,NA,1,18.2196,18.4,7.4,A,36.4,54
2018,18DX,179,MALL,F,1/24/19,24,115,591483.5,4220664.5,Pond 12,8:30,264,103.92,51.81,21.09,40.87,103.84,568,985.7,NA,2,33.0857,10.6,10.9,A,44.1,45.5
2018,18DX,180,AMWI,F,1/24/19,24,115,591483.5,4220664.5,Pond 12,8:45,231,84.69,35.15,16.34,37.91,90.4,388,721.3,NA,0,19.8026,30.5,7.8,A,39.3,54.9
2018,18DX,181,GADW,M,1/24/19,24,115,591483.5,4220664.5,Pond 12,8:54,286,99.09,43.51,17.59,40.25,98.97,438,926.6,NA,1,16.6761,24.9,8.9,A,35,56.5
2018,18DX,182,GADW,F,1/24/19,24,115,591483.5,4220664.5,Pond 12,8:54,267,94.91,41.05,17.23,39.84,94.76,446,795.6,NA,0,16.9972,13.7,10.5,A,47.2,44.7
2018,18DX,183,MALL,F,1/24/19,24,115,591483.5,4220664.5,Pond 12,9:38,281,105.76,47.96,21.66,42.89,98.02,482,1153.3,NA,3,40.5183,14.2,12.4,A,41.35,47.8
2018,18DX,184,NSHO,M,1/31/19,31,122,582728.2,4224451.3,Joice D,7:25,252,111.11,63.9,20.91,38.18,88.3,408,525.1,NA,1,17.2473,3.5,6.4,A,51.5,33.4
2018,18DX,185,AGWT,M,1/31/19,31,122,582728.2,4224451.3,Joice D,8:00,193,84.59,39.43,14.47,32.83,72.65,330,343,NA,1,6.2988,3.9,4.3,I,43.2,47.9
2018,18DX,186,AGWT,F,1/31/19,31,122,582728.2,4224451.3,Joice D,10:10,178,77.87,35.44,14.06,29.83,66.11,300,318.4,NA,1,7.6146,3.3,4.6,I,43.9,47.6
2018,18DX,187,NOPI,M,1/31/19,31,122,582728.2,4224451.3,Joice D,10:55,282,104.92,46.67,18.85,NA,100.62,505,1067.2,NA,0,21.8254,NA,10.6,A,36.2,56.5
2018,18DX,188,AGWT,F,1/31/19,31,122,582728.2,4224451.3,Joice D,7:30,181,NA,32.87,12.93,27.35,69.65,304,320.5,NA,2,10.2299,5.5,4,I,38.45,49.9
2018,18DX,189,AGWT,F,1/31/19,31,122,582728.2,4224451.3,Joice D,7:10,182,78.46,35.72,13.75,29.32,71.66,300,340.8,NA,3,11.4332,5,4.4,A,40.1,48.9
2018,18DX,190,NSHO,F,1/31/19,31,122,582728.2,4224451.3,Joice D,7:50,236,108.58,60.38,18.7,36.07,83.49,404,581.1,NA,2,26.4477,9.8,8.8,I,39.9,46.3
2018,18DX,191,AMWI,M,1/31/19,31,122,582728.2,4224451.3,Joice D,10:10,280,90.48,36.31,17.85,41.04,95.98,428,835.2,NA,0,21.5641,25.7,11.7,I,40.1,54.9
2018,18DX,192,AMWI,M,1/31/19,31,122,582728.2,4224451.3,Joice D,9:00,263,85.18,33.83,16.1,37.33,94.9,392,654.5,NA,1,22.0162,5.9,7.9,A,52.6,40.5
2018,18DX,193,NSHO,M,1/31/19,31,122,582728.2,4224451.3,Joice D,8:55,257,116.37,64.82,19.47,36.51,91.99,413,591.4,NA,0,18.3725,9.6,8.2,A,39.3,54.1
2018,18DX,194,AGWT,M,1/31/19,31,122,582728.2,4224451.3,Joice D,8:35,180,80.34,35.19,13.49,30.9,73.93,306,311.3,NA,0,10.312,3.9,4.8,A,42.7,51.4
2018,18DX,195,AMWI,F,1/31/19,31,122,582728.2,4224451.3,Joice D,8:05,247,53.07,34.97,16.55,36.76,61.7,382,577.1,NA,0,22.6392,0.9,6.5,I,63,25.6
2018,18DX,196,NSHO,M,1/31/19,31,122,582728.2,4224451.3,Joice D,7:23,253,115.31,64.09,20.62,36.41,90.73,412,552.3,NA,0,17.5044,5.4,7,A,49.2,39.6
2018,18DX,197,NSHO,F,1/31/19,31,122,582728.2,4224451.3,Joice D,7:23,229,109.91,59.93,19.93,36.36,88.12,400,585.8,NA,2,16.8769,9.4,7.5,I,40.4,50.45
2018,18DX,198,NSHO,F,1/31/19,31,122,582728.2,4224451.3,Joice D,9:35,223,107.91,61.92,19.68,35.42,84.08,398,556.2,NA,3,19.8274,7.1,6.1,I,45.5,39.6
2018,18DX,199,AGWT,M,2/12/19,43,134,591483.5,4220664.5,Pond 12,7:10,189,80.58,36.25,13.71,27.98,73.53,300,357.2,NA,0,9.3779,4.8,4,A,41.8,51.5
2018,18DX,200,AGWT,F,2/12/19,43,134,591483.5,4220664.5,Pond 12,8:35,184,75.62,36.16,14.13,30.29,67.8,300,320.8,NA,2,8.3017,3.9,4.3,A,44.9,48.5
2018,18DX,201,NSHO,F,2/12/19,43,134,591483.5,4220664.5,Pond 12,9:00,233,108.16,60.1,19.78,35.94,96.52,396,559.2,NA,3,16.3852,9.1,7.5,A,42.1,52.6
2018,18DX,202,MALL,M,2/18/19,49,140,583059,4225176,Joice D,6:58,294,113.32,53.66,22.88,46.9,109.74,515,1287,NA,3,33.8166,17.9,11.6,I,46.2,42.6
2018,18DX,203,MALL,F,2/18/19,49,140,583059,4225176,Joice D,7:15,272,109.23,51.41,21.19,43.25,103.06,462,1088.8,NA,3,34.3379,11.1,12.8,I,47.8,42.9
2018,18DX,204,GADW,F,2/7/19,38,129,583059,4225176,Joice D,10:45,264,94.31,40.45,18.09,40.21,99.57,420,837.9,NA,3,21.5998,12.3,8.4,A,44.9,46.7
2018,18DX,205,GADW,M,2/7/19,38,129,583059,4225176,Joice D,10:45,271,101.64,43.88,18.87,45.69,106.29,459,847.4,NA,0,19.6109,7.8,8.9,A,46.7,43.4
2018,18DX,206,AGWT,M,2/7/19,38,129,583059,4225176,Joice D,9:15,187,80.97,35.85,13.49,30.7,72.6,316,312.6,NA,1,11.322,2.1,3.7,A,49.5,34.9
2018,18DX,207,GADW,M,2/18/19,49,140,583059,4225176,Joice D,7:20,268,96.36,41.16,17.7,39.03,98.68,450,913.5,NA,3,23.6259,14.4,10.6,A,40.5,50.1
2018,18DX,208,GADW,F,2/18/19,49,140,583059,4225176,Joice D,7:20,263,95.04,43.74,17.6,39.85,99.44,414,870.1,NA,3,24.2239,20.8,10.9,I,38.2,54.1
2018,18DX,209,MALL,F,3/5/19,64,155,582728.2,4224451.3,Joice D,6:50,280,110.3,53.07,22.59,43.05,110.43,476,1149.9,NA,3,27.0917,18,14.4,A,39.35,53.8
2018,18DX,210,NSHO,F,2/26/19,57,148,582728.2,4224451.3,Pond 12,9:45,247,105.72,59.09,18.82,36.82,82.65,390,525.1,NA,2,14.4564,3.8,7.3,A,46.5,44.8
2018,18DX,211,AMWI,M,3/5/19,64,155,582728.2,4224451.3,Joice D,8:02,262,87.18,36.85,16.81,38.57,94.31,410,763.9,NA,1,24.1003,15.1,9.5,I,46.9,43.1
2018,18DX,212,NOPI,M,2/26/19,57,148,582728.2,4224451.3,Pond 12,8:30,280,107.07,49.32,18.68,44.06,103.96,503,1000.2,NA,1,22.8327,24.5,13.6,A,37.9,58.5
2018,18DX,213,NSHO,M,2/18/19,49,140,582728.2,4224451.3,Joice D,6:50,247,117.51,65.15,19.72,35.16,87.37,400,563.3,NA,1,18.7409,6.1,7,A,45.3,42.2
2018,18DX,214,AMWI,M,2/18/19,49,140,582728.2,4224451.3,Joice D,6:55,274,87.61,37.07,17.89,40.12,95.21,405,870.8,NA,1,21.1274,19.2,9.6,I,40.9,52.3
2018,18DX,215,NSHO,F,2/18/19,49,140,582728.2,4224451.3,Joice D,7:00,238,115.09,63.24,19.68,36.67,89.37,395,578.9,NA,2,26.0247,4.6,8.6,A,52.5,38.5
2018,18DX,216,NSHO,M,2/7/19,38,129,582656.2,4224679.8,Joice D,9:10,245,114.1,65.94,19.88,37.71,87.36,414,542.6,NA,0,15.9611,8.7,6.2,A,43.3,50.4
2018,18DX,217,NSHO,M,2/18/19,49,140,582728.2,4224451.3,Joice D,7:05,242,116.9,65.2,20.15,33.95,92.27,411,555.1,NA,1,18.2565,7.6,6.3,A,44.6,45.8
2018,18DX,218,AMWI,M,2/7/19,38,129,582656.2,4224679.8,Joice D,8:10,262,87.24,35.66,17.36,37.84,104.48,392,748.2,NA,0,19.261,11.3,9.4,A,45.4,42.2
2018,18DX,219,NSHO,F,2/18/19,49,140,582728.2,4224451.3,Joice D,7:05,240,110.74,62.79,18.97,38.63,92.5,396,606.3,NA,3,20.5445,7.7,6.5,A,44.3,47.6
2018,18DX,220,MALL,F,2/18/19,49,140,582728.2,4224451.3,Joice D,7:45,289,105.18,51.1,22.51,45.23,103.81,474,1225.9,NA,3,46.0536,16,14.6,I,40.1,50.1
2018,18DX,221,NSHO,M,2/18/19,49,140,582728.2,4224451.3,Joice D,7:45,247,115.69,65.26,21.37,36.94,90.46,414,568.2,NA,2,17.7764,7,5.8,A,45.9,43.7
2018,18DX,222,AMWI,F,2/18/19,49,140,582728.2,4224451.3,Joice D,8:35,246,85.99,37.14,16.69,36.24,92.12,390,760.9,NA,2,20.3633,23.9,8.6,A,34.9,56.1
2018,18DX,223,NOPI,F,2/18/19,49,140,582728.2,4224451.3,Joice D,8:55,254,103.27,49.09,18.68,41.16,96.95,436,789.5,NA,3,16.0323,17,10.3,I,35.95,55.85
2018,18DX,224,NOPI,M,2/18/19,49,140,582728.2,4224451.3,Joice D,8:55,273,106.81,51.97,18.57,42.12,102.98,496,905.2,NA,1,21.9071,21.5,12.7,A,34.4,53.9
2018,18DX,225,NSHO,M,2/18/19,49,140,582728.2,4224451.3,Joice D,9:15,254,117.9,65.33,19.65,36.97,89.76,412,634.9,NA,2,21.7092,10.8,8.1,A,42.7,46.9
2018,18DX,226,NOPI,F,2/18/19,49,140,582728.2,4224451.3,Joice D,9:30,261,100.7,47.05,17.87,40.05,94.31,456,891.6,NA,3,23.8909,23.7,9.7,A,33.3,56.9
2018,18DX,227,AMWI,F,3/5/19,64,155,582728.2,4224451.3,Joice D,9:02,253,84.09,37.41,16.53,34.72,84.48,381,678,NA,2,18.2618,10,7,A,42.2,44.9
2018,18DX,228,CITE,M,2/26/19,57,148,582728.2,4224451.3,Pond 12,9:13,198,87.58,44.38,17.32,33.89,84.37,355,410.9,NA,1,15.2345,4.8,4.3,A,47.2,39
2018,18DX,229,NSHO,M,3/5/19,64,155,582728.2,4224451.3,Joice D,8:50,255,115.66,63.73,20.76,37.75,93.82,421,637.1,NA,2,17.4093,14.6,7.9,A,35.3,53.7
2018,18DX,230,NSHO,F,3/5/19,64,155,582728.2,4224451.3,Joice D,8:35,235,107.29,59.74,19.31,35.04,83.95,401,585.7,NA,3,15.4995,12.9,7.3,A,36,52.4
2018,18DX,231,NSHO,F,2/18/19,49,140,583059,4225176,Joice C,10:50,241,112.38,62.7,20.02,38.33,87.22,410,614.4,NA,3,14.7258,18.4,6.2,A,32.1,41.8
2018,18DX,232,GADW,M,3/12/19,71,162,591483.5,4220664.5,Pond 12,8:31,279,96.28,40.22,18.38,40.25,100.02,448,807.9,NA,3,17.9561,12.2,9.5,A,44.6,43.8
2018,18DX,233,NSHO,M,3/12/19,71,162,591483.5,4220664.5,Pond 12,7:05,251,117.07,64.83,20.4,39.78,98.13,440,654.7,NA,3,17.0205,9.9,9,A,42.4,45
2018,18DX,234,NOPI,M,3/12/19,71,162,591483.5,4220664.5,Pond 12,7:00,262,106.37,50.71,19.22,41.45,95.76,510,923.8,NA,0,17.7652,20.6,12.2,A,38,49.3
2018,18DX,235,NOPI,M,3/12/19,71,162,591483.5,4220664.5,Pond 12,7:00,272,105.3,50.9,18.03,42.49,105.22,498,904.8,NA,0,12.4671,31,11.3,A,35.7,58.5
2018,18DX,236,NOPI,M,2/26/19,57,148,582728.2,4224451.3,Pond 12,6:24,273,110.32,50.26,19.14,45.87,107.62,526,1031.9,NA,0,17.5776,34.3,11.3,I,51,53.9
2018,18DX,237,NOPI,M,2/26/19,57,148,582728.2,4224451.3,Pond 12,6:24,286,109.57,50.4,18.86,43.31,105.31,520,1038.6,NA,0,15.8468,30.7,13.4,A,49.5,37.4
2018,18DX,238,NOPI,M,2/26/19,57,148,582728.2,4224451.3,Pond 12,6:33,272,105.98,50.66,19.11,43.29,104.93,500,893.5,NA,0,17.1289,15.9,11.8,I,38.4,50.7
2018,18DX,239,AGWT,M,2/26/19,57,148,582728.2,4224451.3,Pond 12,7:00,193,82.5,35.78,13.83,30.03,76.78,310,327.3,NA,1,6.2333,5,4.1,A,43.6,46.8
2018,18DX,240,AGWT,M,2/26/19,57,148,582728.2,4224451.3,Pond 12,6:50,186,79.7,36.02,13.84,30.87,75.36,310,356.4,NA,0,9.3847,3.4,4,A,49.1,41.1
2018,18DX,241,NSHO,M,2/26/19,57,148,582728.2,4224451.3,Pond 12,8:55,247,118.4,66.8,21.01,39.11,92.4,428,569.2,NA,1,14.3222,10.5,9.4,I,43,46.3
2018,18DX,242,NSHO,F,3/5/19,64,155,582728.2,4224451.3,Joice D,8:55,234,111.17,59.57,19.41,35.71,88.53,401,601.3,NA,3,20.1996,6.7,6.8,I,45.9,46.5
2018,18DX,243,NSHO,M,3/5/19,64,155,582728.2,4224451.3,Joice D,8:55,252,118.69,65.95,21.44,37.01,95.43,434,702.9,NA,2,22.1749,16,8.1,A,38.2,52.1
2018,18DX,244,NSHO,M,2/26/19,57,148,582728.2,4224451.3,Pond 12,7:32,254,118.03,64.68,21.5,38.83,93.76,430,655.8,NA,1,21.046,7.4,8.6,A,47.3,39.9
2018,18DX,245,AGWT,F,2/26/19,57,148,582728.2,4224451.3,Pond 12,7:28,180,73.21,34.07,14.22,31.29,75.28,296,300.6,NA,3,8.9047,0.7,4.4,I,60.7,28.1
2018,18DX,246,AGWT,M,2/26/19,57,148,582728.2,4224451.3,Pond 12,7:20,196,79.87,36.58,14.48,31.97,73.83,312,349.5,NA,2,7.6321,5.1,4.7,A,38.9,47.8
2018,18DX,247,AGWT,M,2/26/19,57,148,582728.2,4224451.3,Pond 12,6:57,188,83.22,36.97,14.36,30.38,73.86,310,334.6,NA,1,7.4583,4.9,4.1,I,38.6,50.6
2018,18DX,248,AMWI,M,3/5/19,64,155,582728.2,4224451.3,Joice D,7:57,265,89.6,37.18,17.42,37.73,100.16,410,916.9,NA,1,28.6639,21.4,10.2,A,42.8,48.4
2018,18DX,249,MALL,M,2/26/19,57,148,582728.2,4224451.3,Pond 12,8:20,301,110.72,50.62,23.04,43.74,110.49,526,1249.2,NA,1,28.4199,17.6,19,I,39.3,50
2018,18DX,250,CITE,M,3/12/19,71,162,591483.5,4220664.5,Pond 12,8:15,207,92.58,46.66,17.2,34.21,85.54,374,436.4,NA,2,7.7955,7.3,4.6,A,46.5,44.5
2018,18DX,251,CITE,M,3/12/19,71,162,591483.5,4220664.5,Pond 12,7:35,203,90.24,45.09,16.65,30.93,76.94,324,338,NA,1,8.2199,3.4,5,A,49.5,41.3
2018,18DX,252,CITE,F,3/12/19,71,162,591483.5,4220664.5,Pond 12,7:35,195,85.21,40.93,16.87,31.2,77.47,324,424.3,NA,3,14.5656,6.3,5.1,A,45.1,45.6
2018,18DX,253,MALL,F,3/12/19,71,162,591483.5,4220664.5,Pond 12,7:42,270,109.55,52.02,22.43,42.35,108.16,476,1070.4,NA,3,24.2064,10.1,10,A,47.9,41.8
2018,18DX,254,AGWT,M,3/12/19,71,162,591483.5,4220664.5,Pond 12,7:10,190,80.1,35.65,13.61,29.44,71.02,310,343.1,NA,1,8.842,6.8,5,A,38.1,56.2
2018,18DX,255,NOPI,M,3/12/19,71,162,591483.5,4220664.5,Pond 12,7:00,271,109.39,53.14,18.74,40.84,103.69,494,904.2,NA,1,11.6297,26.5,11.6,A,37.6,54.7
2018,18DX,256,NSHO,M,3/12/19,71,162,591483.5,4220664.5,Pond 12,7:05,252,118.62,67.95,20.54,36.71,97.77,426,653.2,NA,3,16.4806,9.3,7.9,A,44.3,47.5
2018,18DX,257,MALL,F,3/5/19,64,155,583059,4225176,Joice D,10:05,275,100.54,54.94,22.32,43.46,117.66,470,1131.5,NA,3,29.7047,7.3,14.4,A,46.8,41.2
2018,18DX,258,MALL,M,3/5/19,64,155,583059,4225176,Joice D,8:40,303,116.9,56.38,22.81,46.08,112.18,511,1150.8,NA,1,32.6095,6.3,14.7,A,54.3,32
2018,18DX,259,NSHO,F,3/5/19,64,155,583059,4225176,Joice D,6:48,225,107.4,58.77,20.31,36.32,81.65,390,524.4,NA,3,19.7059,3.8,5.7,I,48.7,39.1
2018,18DX,260,NSHO,M,3/5/19,64,155,583059,4225176,Joice D,8:40,255,117.26,67.25,19.57,38.1,90,420,677.3,NA,3,20.2625,11.4,7.8,A,39.7,51.3
2018,18DX,261,MALL,M,3/5/19,64,155,583059,4225176,Joice D,10:05,298,115.07,52.93,22.74,43.79,109.96,506,1230.1,NA,1,36.9527,15.1,15.4,A,42.85,43.5
2018,18DX,262,NOPI,M,3/20/19,79,170,591483.5,4220664.5,Pond 12,6:58,271,111.11,52.83,19.18,42.48,100.11,500,920.5,NA,1,28.4053,21.7,11.6,A,37.7,52.1
2018,18DX,263,NOPI,M,3/20/19,79,170,591483.5,4220664.5,Pond 12,6:58,280,107.32,50.87,18.4,40.6,99.02,480,864.5,NA,1,24.7645,20.4,12.2,A,44.6,45.6
2018,18DX,264,GADW,F,3/20/19,79,170,591483.5,4220664.5,Pond 12,7:25,263,93.6,41.91,18.07,37.88,98.38,424,725.8,NA,3,16.0672,3.7,9.3,I,51,34.5
2018,18DX,265,GADW,M,3/20/19,79,170,591483.5,4220664.5,Pond 12,7:25,271,98.61,43.62,17.93,42.02,96.39,446,778.7,NA,3,15.5572,6.7,8.5,A,54.3,32.1
2018,18DX,266,CITE,M,3/20/19,79,170,591483.5,4220664.5,Pond 12,8:00,202,93.11,46.66,17.11,33.06,79.54,358,372.8,NA,1,8.0522,2.5,5.2,A,55.3,29.4
2018,18DX,267,MALL,F,3/12/19,71,162,591483.5,4220664.5,Pond 12,9:15,267,105.02,48.53,21.49,42.17,107.52,460,1042.4,NA,2,32.2507,7.4,14.4,I,35.8,53.3
2018,18DX,268,AGWT,M,3/12/19,71,162,591483.5,4220664.5,Pond 12,7:10,195,82.83,35.9,14.4,31.98,69.97,320,390.1,NA,1,11.1442,5.8,4.4,A,34.9,54.9
2018,18DX,269,CITE,F,3/20/19,79,170,591483.5,4220664.5,Pond 12,8:00,181,83.82,43.63,16.83,32.08,75.88,330,288.6,NA,1,8.3474,0.6,3.7,A,62.1,16.7
2018,18DX,270,CITE,M,3/20/19,79,170,591483.5,4220664.5,Pond 12,8:00,196,87.07,44.54,17.27,32.67,77.75,351,373.5,NA,1,11.5059,2.8,4.8,I,51.6,34.7
2018,18DX,271,NSHO,M,3/20/19,79,170,591710.14,4221196.41,Pond 12,7:35,250,116.72,65.77,19.14,37.85,94.45,NA,654.4,NA,3,22.5113,10.4,6.7,A,39.4,47.3
2018,18DX,272,CITE,M,3/12/19,71,162,591483.5,4220664.5,Pond 12,9:24,199,88.15,43.72,17.42,32.71,82.76,356,377,NA,2,11.2318,2.4,4.9,A,53.25,33.8
2018,18DX,273,AMWI,M,3/20/19,79,170,591710.14,4221196.41,Pond 12,6:50,260,87.12,35.01,18.45,39.41,94.11,410,732,NA,1,25.2856,10,7.9,I,49,38.3
2018,18DX,274,AGWT,F,3/20/19,79,170,592202.45,4221183.56,Pond 12,7:35,181,76.31,34.01,13.78,30.77,68.41,306,329.2,NA,3,11.5459,3.8,4.1,A,47,41.2
2018,18DX,275,CITE,F,3/20/19,79,170,592555.67,4220661.78,Pond 12,9:24,183,88.2,43.02,17.06,31.99,74.11,346,356.1,NA,2,15.0181,2.3,6.9,A,51,34.6
2018,18DX,279,MALL,F,3/20/19,79,170,591483.5,4220664.5,Pond 12,8:40,277,109.54,52.11,21.1,43.5,111.06,486,1080.8,NA,1,33.2329,9.7,17.2,A,49.4,38.7
2018,18DX,280,MALL,M,3/20/19,79,170,591483.5,4220664.5,Pond 12,9:00,300,119.92,58.17,23.41,45.31,111.89,522,1082.3,NA,1,20.3415,1.3,12.3,A,60.6,19.1